0 verbose cli /data/data/com.termux/files/usr/bin/node /data/data/com.termux/files/usr/bin/npm
1 info using npm@11.6.0
2 info using node@v24.9.0
3 silly config load:file:/data/data/com.termux/files/usr/lib/node_modules/npm/npmrc
4 silly config load:file:/data/data/com.termux/files/home/.npmrc
5 silly config load:file:/data/data/com.termux/files/usr/etc/npmrc
6 verbose title npm install netlify-cli
7 verbose argv "install" "--global" "netlify-cli"
8 verbose logfile logs-max:10 dir:/data/data/com.termux/files/home/.npm/_logs/2025-10-16T13_29_25_371Z-
9 verbose logfile /data/data/com.termux/files/home/.npm/_logs/2025-10-16T13_29_25_371Z-debug-0.log
10 silly packumentCache heap:1174405120 maxSize:293601280 maxEntrySize:146800640
11 silly logfile start cleaning logs, removing 1 files
12 silly logfile done cleaning log files
13 silly idealTree buildDeps
14 silly fetch manifest netlify-cli@*
15 silly packumentCache full:https://registry.npmjs.org/netlify-cli cache-miss
16 http fetch GET 200 https://registry.npmjs.org/netlify-cli 804ms (cache revalidated)
17 silly packumentCache full:https://registry.npmjs.org/netlify-cli set size:11499200 disposed:false
18 silly placeDep ROOT netlify-cli@23.9.1 OK for:  want: *
19 silly fetch manifest ws@8.18.3
20 silly packumentCache full:https://registry.npmjs.org/ws cache-miss
21 silly fetch manifest ipx@3.1.1
22 silly packumentCache full:https://registry.npmjs.org/ipx cache-miss
23 silly fetch manifest etag@1.8.1
24 silly packumentCache full:https://registry.npmjs.org/etag cache-miss
25 silly fetch manifest open@10.2.0
26 silly packumentCache full:https://registry.npmjs.org/open cache-miss
27 silly fetch manifest toml@3.0.0
28 silly packumentCache full:https://registry.npmjs.org/toml cache-miss
29 silly fetch manifest ulid@3.0.1
30 silly packumentCache full:https://registry.npmjs.org/ulid cache-miss
31 silly fetch manifest uuid@11.1.0
32 silly packumentCache full:https://registry.npmjs.org/uuid cache-miss
33 http fetch GET 200 https://registry.npmjs.org/ws 239ms (cache revalidated)
34 silly packumentCache full:https://registry.npmjs.org/ws set size:410885 disposed:false
35 silly fetch manifest boxen@8.0.1
36 silly packumentCache full:https://registry.npmjs.org/boxen cache-miss
37 http fetch GET 200 https://registry.npmjs.org/boxen 250ms (cache revalidated)
38 silly packumentCache full:https://registry.npmjs.org/boxen set size:96237 disposed:false
39 silly fetch manifest chalk@5.6.2
40 silly packumentCache full:https://registry.npmjs.org/chalk cache-miss
41 http fetch GET 200 https://registry.npmjs.org/etag 530ms (cache revalidated)
42 silly packumentCache full:https://registry.npmjs.org/etag set size:30032 disposed:false
43 silly fetch manifest debug@4.4.3
44 silly packumentCache full:https://registry.npmjs.org/debug cache-miss
45 http fetch GET 200 https://registry.npmjs.org/toml 549ms (cache revalidated)
46 silly packumentCache full:https://registry.npmjs.org/toml set size:48632 disposed:false
47 silly fetch manifest execa@5.1.1
48 silly packumentCache full:https://registry.npmjs.org/execa cache-miss
49 http fetch GET 200 https://registry.npmjs.org/open 566ms (cache revalidated)
50 silly packumentCache full:https://registry.npmjs.org/open set size:133517 disposed:false
51 silly fetch manifest fuzzy@0.1.3
52 silly packumentCache full:https://registry.npmjs.org/fuzzy cache-miss
53 http fetch GET 200 https://registry.npmjs.org/uuid 604ms (cache revalidated)
54 silly packumentCache full:https://registry.npmjs.org/uuid set size:224608 disposed:false
55 silly fetch manifest isexe@3.1.1
56 silly packumentCache full:https://registry.npmjs.org/isexe cache-miss
57 http fetch GET 200 https://registry.npmjs.org/ulid 650ms (cache revalidated)
58 silly packumentCache full:https://registry.npmjs.org/ulid set size:36666 disposed:false
59 silly fetch manifest p-map@7.0.3
60 silly packumentCache full:https://registry.npmjs.org/p-map cache-miss
61 http fetch GET 200 https://registry.npmjs.org/chalk 200ms (cache revalidated)
62 silly packumentCache full:https://registry.npmjs.org/chalk set size:117844 disposed:false
63 silly fetch manifest cookie@1.0.2
64 silly packumentCache full:https://registry.npmjs.org/cookie cache-miss
65 http fetch GET 200 https://registry.npmjs.org/execa 181ms (cache revalidated)
66 silly packumentCache full:https://registry.npmjs.org/execa set size:177243 disposed:false
67 silly fetch manifest dotenv@17.2.3
68 silly packumentCache full:https://registry.npmjs.org/dotenv cache-miss
69 http fetch GET 200 https://registry.npmjs.org/debug 228ms (cache revalidated)
70 silly packumentCache full:https://registry.npmjs.org/debug set size:195840 disposed:false
71 silly fetch manifest is-wsl@3.1.0
72 silly packumentCache full:https://registry.npmjs.org/is-wsl cache-miss
73 http fetch GET 200 https://registry.npmjs.org/p-map 137ms (cache revalidated)
74 silly packumentCache full:https://registry.npmjs.org/p-map set size:50464 disposed:false
75 silly fetch manifest lodash@4.17.21
76 silly packumentCache full:https://registry.npmjs.org/lodash cache-miss
77 http fetch GET 200 https://registry.npmjs.org/fuzzy 258ms (cache revalidated)
78 silly packumentCache full:https://registry.npmjs.org/fuzzy set size:12033 disposed:false
79 silly fetch manifest semver@7.7.2
80 silly packumentCache full:https://registry.npmjs.org/semver cache-miss
81 http fetch GET 200 https://registry.npmjs.org/isexe 211ms (cache revalidated)
82 silly packumentCache full:https://registry.npmjs.org/isexe set size:19340 disposed:false
83 silly fetch manifest backoff@2.5.0
84 silly packumentCache full:https://registry.npmjs.org/backoff cache-miss
85 http fetch GET 200 https://registry.npmjs.org/cookie 217ms (cache revalidated)
86 silly packumentCache full:https://registry.npmjs.org/cookie set size:67180 disposed:false
87 silly fetch manifest ci-info@4.3.0
88 silly packumentCache full:https://registry.npmjs.org/ci-info cache-miss
89 http fetch GET 200 https://registry.npmjs.org/is-wsl 222ms (cache revalidated)
90 silly packumentCache full:https://registry.npmjs.org/is-wsl set size:18741 disposed:false
91 silly fetch manifest decache@4.6.2
92 silly packumentCache full:https://registry.npmjs.org/decache cache-miss
93 http fetch GET 200 https://registry.npmjs.org/lodash 224ms (cache revalidated)
94 silly packumentCache full:https://registry.npmjs.org/lodash set size:242454 disposed:false
95 silly fetch manifest envinfo@7.15.0
96 silly packumentCache full:https://registry.npmjs.org/envinfo cache-miss
97 http fetch GET 200 https://registry.npmjs.org/semver 227ms (cache revalidated)
98 silly packumentCache full:https://registry.npmjs.org/semver set size:226907 disposed:false
99 silly fetch manifest express@4.21.2
100 silly packumentCache full:https://registry.npmjs.org/express cache-miss
101 http fetch GET 200 https://registry.npmjs.org/dotenv 330ms (cache revalidated)
102 silly packumentCache full:https://registry.npmjs.org/dotenv set size:261324 disposed:false
103 silly fetch manifest fastify@4.29.1
104 silly packumentCache full:https://registry.npmjs.org/fastify cache-miss
105 http fetch GET 200 https://registry.npmjs.org/backoff 269ms (cache revalidated)
106 silly packumentCache full:https://registry.npmjs.org/backoff set size:34886 disposed:false
107 silly fetch manifest find-up@7.0.0
108 silly packumentCache full:https://registry.npmjs.org/find-up cache-miss
109 http fetch GET 200 https://registry.npmjs.org/ipx 1179ms (cache revalidated)
110 silly packumentCache full:https://registry.npmjs.org/ipx set size:241776 disposed:false
111 silly fetch manifest chokidar@4.0.3
112 silly packumentCache full:https://registry.npmjs.org/chokidar cache-miss
113 http fetch GET 200 https://registry.npmjs.org/ci-info 278ms (cache revalidated)
114 silly packumentCache full:https://registry.npmjs.org/ci-info set size:88895 disposed:false
115 silly fetch manifest dot-prop@9.0.0
116 silly packumentCache full:https://registry.npmjs.org/dot-prop cache-miss
117 http fetch GET 200 https://registry.npmjs.org/find-up 147ms (cache revalidated)
118 silly packumentCache full:https://registry.npmjs.org/find-up set size:42620 disposed:false
119 silly fetch manifest get-port@5.1.1
120 silly packumentCache full:https://registry.npmjs.org/get-port cache-miss
121 http fetch GET 200 https://registry.npmjs.org/decache 289ms (cache revalidated)
122 silly packumentCache full:https://registry.npmjs.org/decache set size:53143 disposed:false
123 silly fetch manifest inquirer@8.2.7
124 silly packumentCache full:https://registry.npmjs.org/inquirer cache-miss
125 http fetch GET 200 https://registry.npmjs.org/express 242ms (cache revalidated)
126 silly packumentCache full:https://registry.npmjs.org/express set size:796286 disposed:false
127 silly fetch manifest p-filter@4.1.0
128 silly packumentCache full:https://registry.npmjs.org/p-filter cache-miss
129 http fetch GET 200 https://registry.npmjs.org/envinfo 338ms (cache revalidated)
130 silly packumentCache full:https://registry.npmjs.org/envinfo set size:274738 disposed:false
131 silly fetch manifest raw-body@3.0.1
132 silly packumentCache full:https://registry.npmjs.org/raw-body cache-miss
133 http fetch GET 200 https://registry.npmjs.org/chokidar 255ms (cache revalidated)
134 silly packumentCache full:https://registry.npmjs.org/chokidar set size:253451 disposed:false
135 silly fetch manifest readdirp@4.1.2
136 silly packumentCache full:https://registry.npmjs.org/readdirp cache-miss
137 http fetch GET 200 https://registry.npmjs.org/fastify 367ms (cache revalidated)
138 silly packumentCache full:https://registry.npmjs.org/fastify set size:1636507 disposed:false
139 silly fetch manifest commander@12.1.0
140 silly packumentCache full:https://registry.npmjs.org/commander cache-miss
141 http fetch GET 200 https://registry.npmjs.org/get-port 277ms (cache revalidated)
142 silly packumentCache full:https://registry.npmjs.org/get-port set size:44855 disposed:false
143 silly fetch manifest env-paths@3.0.0
144 silly packumentCache full:https://registry.npmjs.org/env-paths cache-miss
145 http fetch GET 200 https://registry.npmjs.org/dot-prop 303ms (cache revalidated)
146 silly packumentCache full:https://registry.npmjs.org/dot-prop set size:74769 disposed:false
147 silly fetch manifest is-docker@3.0.0
148 silly packumentCache full:https://registry.npmjs.org/is-docker cache-miss
149 http fetch GET 200 https://registry.npmjs.org/inquirer 315ms (cache revalidated)
150 silly packumentCache full:https://registry.npmjs.org/inquirer set size:542629 disposed:false
151 silly fetch manifest is-stream@4.0.1
152 silly packumentCache full:https://registry.npmjs.org/is-stream cache-miss
153 http fetch GET 200 https://registry.npmjs.org/raw-body 250ms (cache revalidated)
154 silly packumentCache full:https://registry.npmjs.org/raw-body set size:111234 disposed:false
155 silly fetch manifest maxstache@1.0.7
156 silly packumentCache full:https://registry.npmjs.org/maxstache cache-miss
157 http fetch GET 200 https://registry.npmjs.org/readdirp 219ms (cache revalidated)
158 silly packumentCache full:https://registry.npmjs.org/readdirp set size:105089 disposed:false
159 silly fetch manifest wait-port@1.1.0
160 silly packumentCache full:https://registry.npmjs.org/wait-port cache-miss
161 http fetch GET 200 https://registry.npmjs.org/is-docker 154ms (cache revalidated)
162 silly packumentCache full:https://registry.npmjs.org/is-docker set size:23690 disposed:false
163 silly fetch manifest clean-deep@3.4.0
164 silly packumentCache full:https://registry.npmjs.org/clean-deep cache-miss
165 http fetch GET 200 https://registry.npmjs.org/p-filter 353ms (cache revalidated)
166 silly packumentCache full:https://registry.npmjs.org/p-filter set size:17447 disposed:false
167 silly fetch manifest http-proxy@1.18.1
168 silly packumentCache full:https://registry.npmjs.org/http-proxy cache-miss
169 http fetch GET 200 https://registry.npmjs.org/commander 202ms (cache revalidated)
170 silly packumentCache full:https://registry.npmjs.org/commander set size:342763 disposed:false
171 silly fetch manifest jwt-decode@4.0.0
172 silly packumentCache full:https://registry.npmjs.org/jwt-decode cache-miss
173 http fetch GET 200 https://registry.npmjs.org/env-paths 205ms (cache revalidated)
174 silly packumentCache full:https://registry.npmjs.org/env-paths set size:25456 disposed:false
175 silly fetch manifest log-update@6.1.0
176 silly packumentCache full:https://registry.npmjs.org/log-update cache-miss
177 http fetch GET 200 https://registry.npmjs.org/is-stream 161ms (cache revalidated)
178 silly packumentCache full:https://registry.npmjs.org/is-stream set size:18582 disposed:false
179 silly fetch manifest multiparty@4.2.3
180 silly packumentCache full:https://registry.npmjs.org/multiparty cache-miss
181 http fetch GET 200 https://registry.npmjs.org/maxstache 212ms (cache revalidated)
182 silly packumentCache full:https://registry.npmjs.org/maxstache set size:16196 disposed:false
183 silly fetch manifest node-fetch@3.3.2
184 silly packumentCache full:https://registry.npmjs.org/node-fetch cache-miss
185 http fetch GET 200 https://registry.npmjs.org/http-proxy 206ms (cache revalidated)
186 silly packumentCache full:https://registry.npmjs.org/http-proxy set size:183156 disposed:false
187 silly fetch manifest p-wait-for@5.0.2
188 silly packumentCache full:https://registry.npmjs.org/p-wait-for cache-miss
189 http fetch GET 200 https://registry.npmjs.org/wait-port 297ms (cache revalidated)
190 silly packumentCache full:https://registry.npmjs.org/wait-port set size:73132 disposed:false
191 silly fetch manifest prettyjson@1.2.5
192 silly packumentCache full:https://registry.npmjs.org/prettyjson cache-miss
193 http fetch GET 200 https://registry.npmjs.org/clean-deep 338ms (cache revalidated)
194 silly packumentCache full:https://registry.npmjs.org/clean-deep set size:45862 disposed:false
195 silly fetch manifest @netlify/ai@0.2.1
196 silly packumentCache full:https://registry.npmjs.org/@netlify%2fai cache-miss
197 http fetch GET 200 https://registry.npmjs.org/multiparty 259ms (cache revalidated)
198 silly packumentCache full:https://registry.npmjs.org/multiparty set size:74913 disposed:false
199 silly fetch manifest ascii-table@0.0.9
200 silly packumentCache full:https://registry.npmjs.org/ascii-table cache-miss
201 http fetch GET 200 https://registry.npmjs.org/node-fetch 191ms (cache revalidated)
202 silly packumentCache full:https://registry.npmjs.org/node-fetch set size:896010 disposed:false
203 silly fetch manifest cron-parser@4.9.0
204 silly packumentCache full:https://registry.npmjs.org/cron-parser cache-miss
205 http fetch GET 200 https://registry.npmjs.org/jwt-decode 409ms (cache updated)
206 silly packumentCache full:https://registry.npmjs.org/jwt-decode set size:undefined disposed:false
207 silly fetch manifest extract-zip@2.0.1
208 silly packumentCache full:https://registry.npmjs.org/extract-zip cache-miss
209 http fetch GET 200 https://registry.npmjs.org/cron-parser 211ms (cache revalidated)
210 silly packumentCache full:https://registry.npmjs.org/cron-parser set size:324111 disposed:false
211 silly fetch manifest locate-path@7.2.0
212 silly packumentCache full:https://registry.npmjs.org/locate-path cache-miss
213 http fetch GET 200 https://registry.npmjs.org/prettyjson 353ms (cache revalidated)
214 silly packumentCache full:https://registry.npmjs.org/prettyjson set size:68270 disposed:false
215 silly fetch manifest nanospinner@1.2.2
216 silly packumentCache full:https://registry.npmjs.org/nanospinner cache-miss
217 http fetch GET 200 https://registry.npmjs.org/extract-zip 191ms (cache revalidated)
218 silly packumentCache full:https://registry.npmjs.org/extract-zip set size:47715 disposed:false
219 silly fetch manifest @netlify/api@14.0.6
220 silly packumentCache full:https://registry.npmjs.org/@netlify%2fapi cache-miss
221 http fetch GET 200 https://registry.npmjs.org/p-wait-for 396ms (cache revalidated)
222 silly packumentCache full:https://registry.npmjs.org/p-wait-for set size:34379 disposed:false
223 silly fetch manifest @pnpm/tabtab@0.5.4
224 silly packumentCache full:https://registry.npmjs.org/@pnpm%2ftabtab cache-miss
225 http fetch GET 200 https://registry.npmjs.org/ascii-table 312ms (cache revalidated)
226 silly packumentCache full:https://registry.npmjs.org/ascii-table set size:26732 disposed:false
227 silly fetch manifest ansi-escapes@7.1.1
228 silly packumentCache full:https://registry.npmjs.org/ansi-escapes cache-miss
229 http fetch GET 200 https://registry.npmjs.org/@netlify%2fai 397ms (cache revalidated)
230 silly packumentCache full:https://registry.npmjs.org/@netlify%2fai set size:8906 disposed:false
231 silly fetch manifest ansi-to-html@0.7.2
232 silly packumentCache full:https://registry.npmjs.org/ansi-to-html cache-miss
233 http fetch GET 200 https://registry.npmjs.org/log-update 780ms (cache revalidated)
234 silly packumentCache full:https://registry.npmjs.org/log-update set size:51700 disposed:false
235 silly fetch manifest comment-json@4.3.0
236 silly packumentCache full:https://registry.npmjs.org/comment-json cache-miss
237 http fetch GET 200 https://registry.npmjs.org/ansi-escapes 162ms (cache revalidated)
238 silly packumentCache full:https://registry.npmjs.org/ansi-escapes set size:66355 disposed:false
239 silly fetch manifest content-type@1.0.5
240 silly packumentCache full:https://registry.npmjs.org/content-type cache-miss
241 http fetch GET 200 https://registry.npmjs.org/locate-path 229ms (cache revalidated)
242 silly packumentCache full:https://registry.npmjs.org/locate-path set size:31329 disposed:false
243 silly fetch manifest jsonwebtoken@9.0.2
244 silly packumentCache full:https://registry.npmjs.org/jsonwebtoken cache-miss
245 http fetch GET 200 https://registry.npmjs.org/nanospinner 223ms (cache revalidated)
246 silly packumentCache full:https://registry.npmjs.org/nanospinner set size:56858 disposed:false
247 silly fetch manifest lambda-local@2.2.0
248 silly packumentCache full:https://registry.npmjs.org/lambda-local cache-miss
249 http fetch GET 200 https://registry.npmjs.org/ansi-to-html 190ms (cache revalidated)
250 silly packumentCache full:https://registry.npmjs.org/ansi-to-html set size:74792 disposed:false
251 silly fetch manifest tomlify-j0.4@3.0.0
252 silly packumentCache full:https://registry.npmjs.org/tomlify-j0.4 cache-miss
253 http fetch GET 200 https://registry.npmjs.org/content-type 172ms (cache revalidated)
254 silly packumentCache full:https://registry.npmjs.org/content-type set size:17311 disposed:false
255 silly fetch manifest @octokit/rest@22.0.0
256 silly packumentCache full:https://registry.npmjs.org/@octokit%2frest cache-miss
257 http fetch GET 200 https://registry.npmjs.org/@netlify%2fapi 372ms (cache revalidated)
258 silly packumentCache full:https://registry.npmjs.org/@netlify%2fapi set size:30914 disposed:false
259 silly fetch manifest folder-walker@3.2.0
260 silly packumentCache full:https://registry.npmjs.org/folder-walker cache-miss
261 http fetch GET 200 https://registry.npmjs.org/@pnpm%2ftabtab 402ms (cache revalidated)
262 silly packumentCache full:https://registry.npmjs.org/@pnpm%2ftabtab set size:89340 disposed:false
263 silly fetch manifest git-repo-info@2.1.1
264 silly packumentCache full:https://registry.npmjs.org/git-repo-info cache-miss
265 http fetch GET 200 https://registry.npmjs.org/jsonwebtoken 244ms (cache revalidated)
266 silly packumentCache full:https://registry.npmjs.org/jsonwebtoken set size:181305 disposed:false
267 silly fetch manifest terminal-link@4.0.0
268 silly packumentCache full:https://registry.npmjs.org/terminal-link cache-miss
269 http fetch GET 200 https://registry.npmjs.org/comment-json 286ms (cache revalidated)
270 silly packumentCache full:https://registry.npmjs.org/comment-json set size:164693 disposed:false
271 silly fetch manifest @netlify/blobs@10.0.11
272 silly packumentCache full:https://registry.npmjs.org/@netlify%2fblobs cache-miss
273 http fetch GET 200 https://registry.npmjs.org/lambda-local 257ms (cache revalidated)
274 silly packumentCache full:https://registry.npmjs.org/lambda-local set size:91973 disposed:false
275 silly fetch manifest @netlify/build@35.1.8
276 silly packumentCache full:https://registry.npmjs.org/@netlify%2fbuild cache-miss
277 http fetch GET 200 https://registry.npmjs.org/tomlify-j0.4 205ms (cache revalidated)
278 silly packumentCache full:https://registry.npmjs.org/tomlify-j0.4 set size:26685 disposed:false
279 silly fetch manifest gitconfiglocal@2.1.0
280 silly packumentCache full:https://registry.npmjs.org/gitconfiglocal cache-miss
281 http fetch GET 200 https://registry.npmjs.org/folder-walker 212ms (cache revalidated)
282 silly packumentCache full:https://registry.npmjs.org/folder-walker set size:32612 disposed:false
283 silly fetch manifest @fastify/static@7.0.4
284 silly packumentCache full:https://registry.npmjs.org/@fastify%2fstatic cache-miss
285 http fetch GET 200 https://registry.npmjs.org/terminal-link 151ms (cache revalidated)
286 silly packumentCache full:https://registry.npmjs.org/terminal-link set size:26728 disposed:false
287 silly fetch manifest @netlify/config@24.0.4
288 silly packumentCache full:https://registry.npmjs.org/@netlify%2fconfig cache-miss
289 http fetch GET 200 https://registry.npmjs.org/git-repo-info 245ms (cache revalidated)
290 silly packumentCache full:https://registry.npmjs.org/git-repo-info set size:30412 disposed:false
291 silly fetch manifest express-logging@1.1.1
292 silly packumentCache full:https://registry.npmjs.org/express-logging cache-miss
293 http fetch GET 200 https://registry.npmjs.org/gitconfiglocal 186ms (cache revalidated)
294 silly packumentCache full:https://registry.npmjs.org/gitconfiglocal set size:13965 disposed:false
295 silly fetch manifest read-package-up@11.0.0
296 silly packumentCache full:https://registry.npmjs.org/read-package-up cache-miss
297 http fetch GET 200 https://registry.npmjs.org/@octokit%2frest 394ms (cache revalidated)
298 silly packumentCache full:https://registry.npmjs.org/@octokit%2frest set size:1344688 disposed:false
299 silly fetch manifest update-notifier@7.3.1
300 silly packumentCache full:https://registry.npmjs.org/update-notifier cache-miss
301 http fetch GET 200 https://registry.npmjs.org/express-logging 257ms (cache revalidated)
302 silly packumentCache full:https://registry.npmjs.org/express-logging set size:12936 disposed:false
303 silly fetch manifest gh-release-fetch@4.0.3
304 silly packumentCache full:https://registry.npmjs.org/gh-release-fetch cache-miss
305 http fetch GET 200 https://registry.npmjs.org/read-package-up 243ms (cache revalidated)
306 silly packumentCache full:https://registry.npmjs.org/read-package-up set size:4618 disposed:false
307 silly fetch manifest maxstache-stream@1.0.4
308 silly packumentCache full:https://registry.npmjs.org/maxstache-stream cache-miss
309 http fetch GET 200 https://registry.npmjs.org/@netlify%2fblobs 464ms (cache revalidated)
310 silly packumentCache full:https://registry.npmjs.org/@netlify%2fblobs set size:335725 disposed:false
311 silly fetch manifest parse-github-url@1.0.3
312 silly packumentCache full:https://registry.npmjs.org/parse-github-url cache-miss
313 http fetch GET 200 https://registry.npmjs.org/@fastify%2fstatic 360ms (cache revalidated)
314 silly packumentCache full:https://registry.npmjs.org/@fastify%2fstatic set size:167368 disposed:false
315 silly fetch manifest https-proxy-agent@7.0.6
316 silly packumentCache full:https://registry.npmjs.org/https-proxy-agent cache-miss
317 http fetch GET 200 https://registry.npmjs.org/@netlify%2fbuild 504ms (cache revalidated)
318 silly packumentCache full:https://registry.npmjs.org/@netlify%2fbuild set size:6535232 disposed:false
319 silly fetch manifest write-file-atomic@5.0.1
320 silly packumentCache full:https://registry.npmjs.org/write-file-atomic cache-miss
321 http fetch GET 200 https://registry.npmjs.org/@netlify%2fconfig 576ms (cache revalidated)
322 silly packumentCache full:https://registry.npmjs.org/@netlify%2fconfig set size:1814169 disposed:false
323 silly fetch manifest @netlify/dev-utils@4.2.0
324 silly packumentCache full:https://registry.npmjs.org/@netlify%2fdev-utils cache-miss
325 http fetch GET 200 https://registry.npmjs.org/update-notifier 358ms (cache revalidated)
326 silly packumentCache full:https://registry.npmjs.org/update-notifier set size:133068 disposed:false
327 silly fetch manifest @opentelemetry/api@1.8.0
328 silly packumentCache full:https://registry.npmjs.org/@opentelemetry%2fapi cache-miss
329 http fetch GET 200 https://registry.npmjs.org/write-file-atomic 199ms (cache revalidated)
330 silly packumentCache full:https://registry.npmjs.org/write-file-atomic set size:75139 disposed:false
331 silly fetch manifest netlify-redirector@0.5.0
332 silly packumentCache full:https://registry.npmjs.org/netlify-redirector cache-miss
333 http fetch GET 200 https://registry.npmjs.org/parse-github-url 488ms (cache revalidated)
334 silly packumentCache full:https://registry.npmjs.org/parse-github-url set size:43632 disposed:false
335 silly fetch manifest parallel-transform@1.2.0
336 silly packumentCache full:https://registry.npmjs.org/parallel-transform cache-miss
337 http fetch GET 200 https://registry.npmjs.org/gh-release-fetch 514ms (cache revalidated)
338 silly packumentCache full:https://registry.npmjs.org/gh-release-fetch set size:78400 disposed:false
339 silly fetch manifest source-map-support@0.5.21
340 silly packumentCache full:https://registry.npmjs.org/source-map-support cache-miss
341 http fetch GET 200 https://registry.npmjs.org/maxstache-stream 527ms (cache revalidated)
342 silly packumentCache full:https://registry.npmjs.org/maxstache-stream set size:9324 disposed:false
343 silly fetch manifest @netlify/build-info@10.0.8
344 silly packumentCache full:https://registry.npmjs.org/@netlify%2fbuild-info cache-miss
345 http fetch GET 200 https://registry.npmjs.org/https-proxy-agent 525ms (cache updated)
346 silly packumentCache full:https://registry.npmjs.org/https-proxy-agent set size:undefined disposed:false
347 silly fetch manifest fastest-levenshtein@1.0.16
348 silly packumentCache full:https://registry.npmjs.org/fastest-levenshtein cache-miss
349 http fetch GET 200 https://registry.npmjs.org/@netlify%2fdev-utils 325ms (cache revalidated)
350 silly packumentCache full:https://registry.npmjs.org/@netlify%2fdev-utils set size:65836 disposed:false
351 silly fetch manifest @netlify/edge-bundler@14.5.6
352 silly packumentCache full:https://registry.npmjs.org/@netlify%2fedge-bundler cache-miss
353 http fetch GET 200 https://registry.npmjs.org/@opentelemetry%2fapi 336ms (cache revalidated)
354 silly packumentCache full:https://registry.npmjs.org/@opentelemetry%2fapi set size:455567 disposed:false
355 silly fetch manifest http-proxy-middleware@2.0.9
356 silly packumentCache full:https://registry.npmjs.org/http-proxy-middleware cache-miss
357 http fetch GET 200 https://registry.npmjs.org/fastest-levenshtein 140ms (cache revalidated)
358 silly packumentCache full:https://registry.npmjs.org/fastest-levenshtein set size:59475 disposed:false
359 silly fetch manifest normalize-package-data@7.0.1
360 silly packumentCache full:https://registry.npmjs.org/normalize-package-data cache-miss
361 http fetch GET 200 https://registry.npmjs.org/source-map-support 201ms (cache revalidated)
362 silly packumentCache full:https://registry.npmjs.org/source-map-support set size:125488 disposed:false
363 silly fetch manifest @netlify/edge-functions@2.18.1
364 silly packumentCache full:https://registry.npmjs.org/@netlify%2fedge-functions cache-miss
365 http fetch GET 200 https://registry.npmjs.org/parallel-transform 234ms (cache revalidated)
366 silly packumentCache full:https://registry.npmjs.org/parallel-transform set size:17719 disposed:false
367 silly fetch manifest @netlify/headers-parser@9.0.2
368 silly packumentCache full:https://registry.npmjs.org/@netlify%2fheaders-parser cache-miss
369 http fetch GET 200 https://registry.npmjs.org/netlify-redirector 339ms (cache revalidated)
370 silly packumentCache full:https://registry.npmjs.org/netlify-redirector set size:29377 disposed:false
371 silly fetch manifest @netlify/redirect-parser@15.0.3
372 silly packumentCache full:https://registry.npmjs.org/@netlify%2fredirect-parser cache-miss
373 http fetch GET 200 https://registry.npmjs.org/http-proxy-middleware 147ms (cache revalidated)
374 silly packumentCache full:https://registry.npmjs.org/http-proxy-middleware set size:316066 disposed:false
375 silly fetch manifest @netlify/zip-it-and-ship-it@14.1.8
376 silly packumentCache full:https://registry.npmjs.org/@netlify%2fzip-it-and-ship-it cache-miss
377 http fetch GET 200 https://registry.npmjs.org/normalize-package-data 187ms (cache revalidated)
378 silly packumentCache full:https://registry.npmjs.org/normalize-package-data set size:128484 disposed:false
379 silly fetch manifest inquirer-autocomplete-prompt@1.4.0
380 silly packumentCache full:https://registry.npmjs.org/inquirer-autocomplete-prompt cache-miss
381 http fetch GET 200 https://registry.npmjs.org/@netlify%2fbuild-info 383ms (cache revalidated)
382 silly packumentCache full:https://registry.npmjs.org/@netlify%2fbuild-info set size:671066 disposed:false
383 silly fetch manifest @netlify/local-functions-proxy@2.0.3
384 silly packumentCache full:https://registry.npmjs.org/@netlify%2flocal-functions-proxy cache-miss
385 http fetch GET 200 https://registry.npmjs.org/@netlify%2fedge-bundler 339ms (cache revalidated)
386 silly packumentCache full:https://registry.npmjs.org/@netlify%2fedge-bundler set size:852131 disposed:false
387 silly fetch manifest @netlify/edge-functions-bootstrap@2.17.1
388 silly packumentCache full:https://registry.npmjs.org/@netlify%2fedge-functions-bootstrap cache-miss
389 http fetch GET 200 https://registry.npmjs.org/@netlify%2fedge-functions 335ms (cache revalidated)
390 silly packumentCache full:https://registry.npmjs.org/@netlify%2fedge-functions set size:165596 disposed:false
391 http fetch GET 200 https://registry.npmjs.org/inquirer-autocomplete-prompt 190ms (cache revalidated)
392 silly packumentCache full:https://registry.npmjs.org/inquirer-autocomplete-prompt set size:76798 disposed:false
393 http fetch GET 200 https://registry.npmjs.org/@netlify%2fheaders-parser 355ms (cache revalidated)
394 silly packumentCache full:https://registry.npmjs.org/@netlify%2fheaders-parser set size:18653 disposed:false
395 http fetch GET 200 https://registry.npmjs.org/@netlify%2fredirect-parser 323ms (cache revalidated)
396 silly packumentCache full:https://registry.npmjs.org/@netlify%2fredirect-parser set size:21387 disposed:false
397 http fetch GET 200 https://registry.npmjs.org/@netlify%2fzip-it-and-ship-it 369ms (cache revalidated)
398 silly packumentCache full:https://registry.npmjs.org/@netlify%2fzip-it-and-ship-it set size:1884492 disposed:false
399 http fetch GET 200 https://registry.npmjs.org/@netlify%2fedge-functions-bootstrap 404ms (cache revalidated)
400 silly packumentCache full:https://registry.npmjs.org/@netlify%2fedge-functions-bootstrap set size:21025 disposed:false
401 http fetch GET 200 https://registry.npmjs.org/@netlify%2flocal-functions-proxy 491ms (cache revalidated)
402 silly packumentCache full:https://registry.npmjs.org/@netlify%2flocal-functions-proxy set size:31872 disposed:false
403 silly reify mark retired [
403 silly reify   '/data/data/com.termux/files/usr/lib/node_modules/netlify-cli',
403 silly reify   '/data/data/com.termux/files/usr/bin/ntl',
403 silly reify   '/data/data/com.termux/files/usr/bin/netlify'
403 silly reify ]
404 silly reify moves {
404 silly reify   '/data/data/com.termux/files/usr/lib/node_modules/netlify-cli': '/data/data/com.termux/files/usr/lib/node_modules/.netlify-cli-ekaqWxgY',
404 silly reify   '/data/data/com.termux/files/usr/bin/ntl': '/data/data/com.termux/files/usr/bin/.ntl-7EwrQT69',
404 silly reify   '/data/data/com.termux/files/usr/bin/netlify': '/data/data/com.termux/files/usr/bin/.netlify-yRme4cV6'
404 silly reify }
405 http cache netlify-cli@https://registry.npmjs.org/netlify-cli/-/netlify-cli-23.9.1.tgz 0ms (cache hit)
406 http cache @parcel/watcher-wasm@https://registry.npmjs.org/@parcel/watcher-wasm/-/watcher-wasm-2.5.1.tgz 0ms (cache hit)
407 verbose reify failed optional dependency /data/data/com.termux/files/usr/lib/node_modules/netlify-cli/node_modules/fsevents
408 silly reify mark deleted [
408 silly reify   '/data/data/com.termux/files/usr/lib/node_modules/netlify-cli/node_modules/fsevents'
408 silly reify ]
409 verbose reify failed optional dependency /data/data/com.termux/files/usr/lib/node_modules/netlify-cli/node_modules/@rollup/rollup-win32-x64-msvc
410 silly reify mark deleted [
410 silly reify   '/data/data/com.termux/files/usr/lib/node_modules/netlify-cli/node_modules/@rollup/rollup-win32-x64-msvc'
410 silly reify ]
411 verbose reify failed optional dependency /data/data/com.termux/files/usr/lib/node_modules/netlify-cli/node_modules/@rollup/rollup-win32-x64-gnu
412 silly reify mark deleted [
412 silly reify   '/data/data/com.termux/files/usr/lib/node_modules/netlify-cli/node_modules/@rollup/rollup-win32-x64-gnu'
412 silly reify ]
413 verbose reify failed optional dependency /data/data/com.termux/files/usr/lib/node_modules/netlify-cli/node_modules/@rollup/rollup-win32-ia32-msvc
414 silly reify mark deleted [
414 silly reify   '/data/data/com.termux/files/usr/lib/node_modules/netlify-cli/node_modules/@rollup/rollup-win32-ia32-msvc'
414 silly reify ]
415 verbose reify failed optional dependency /data/data/com.termux/files/usr/lib/node_modules/netlify-cli/node_modules/@rollup/rollup-win32-arm64-msvc
416 silly reify mark deleted [
416 silly reify   '/data/data/com.termux/files/usr/lib/node_modules/netlify-cli/node_modules/@rollup/rollup-win32-arm64-msvc'
416 silly reify ]
417 verbose reify failed optional dependency /data/data/com.termux/files/usr/lib/node_modules/netlify-cli/node_modules/@rollup/rollup-openharmony-arm64
418 silly reify mark deleted [
418 silly reify   '/data/data/com.termux/files/usr/lib/node_modules/netlify-cli/node_modules/@rollup/rollup-openharmony-arm64'
418 silly reify ]
419 verbose reify failed optional dependency /data/data/com.termux/files/usr/lib/node_modules/netlify-cli/node_modules/@rollup/rollup-linux-x64-musl
420 silly reify mark deleted [
420 silly reify   '/data/data/com.termux/files/usr/lib/node_modules/netlify-cli/node_modules/@rollup/rollup-linux-x64-musl'
420 silly reify ]
421 verbose reify failed optional dependency /data/data/com.termux/files/usr/lib/node_modules/netlify-cli/node_modules/@rollup/rollup-linux-x64-gnu
422 silly reify mark deleted [
422 silly reify   '/data/data/com.termux/files/usr/lib/node_modules/netlify-cli/node_modules/@rollup/rollup-linux-x64-gnu'
422 silly reify ]
423 verbose reify failed optional dependency /data/data/com.termux/files/usr/lib/node_modules/netlify-cli/node_modules/@rollup/rollup-linux-s390x-gnu
424 silly reify mark deleted [
424 silly reify   '/data/data/com.termux/files/usr/lib/node_modules/netlify-cli/node_modules/@rollup/rollup-linux-s390x-gnu'
424 silly reify ]
425 verbose reify failed optional dependency /data/data/com.termux/files/usr/lib/node_modules/netlify-cli/node_modules/@rollup/rollup-linux-riscv64-musl
426 silly reify mark deleted [
426 silly reify   '/data/data/com.termux/files/usr/lib/node_modules/netlify-cli/node_modules/@rollup/rollup-linux-riscv64-musl'
426 silly reify ]
427 verbose reify failed optional dependency /data/data/com.termux/files/usr/lib/node_modules/netlify-cli/node_modules/@rollup/rollup-linux-riscv64-gnu
428 silly reify mark deleted [
428 silly reify   '/data/data/com.termux/files/usr/lib/node_modules/netlify-cli/node_modules/@rollup/rollup-linux-riscv64-gnu'
428 silly reify ]
429 verbose reify failed optional dependency /data/data/com.termux/files/usr/lib/node_modules/netlify-cli/node_modules/@rollup/rollup-linux-ppc64-gnu
430 silly reify mark deleted [
430 silly reify   '/data/data/com.termux/files/usr/lib/node_modules/netlify-cli/node_modules/@rollup/rollup-linux-ppc64-gnu'
430 silly reify ]
431 verbose reify failed optional dependency /data/data/com.termux/files/usr/lib/node_modules/netlify-cli/node_modules/@rollup/rollup-linux-loong64-gnu
432 silly reify mark deleted [
432 silly reify   '/data/data/com.termux/files/usr/lib/node_modules/netlify-cli/node_modules/@rollup/rollup-linux-loong64-gnu'
432 silly reify ]
433 verbose reify failed optional dependency /data/data/com.termux/files/usr/lib/node_modules/netlify-cli/node_modules/@rollup/rollup-linux-arm64-musl
434 silly reify mark deleted [
434 silly reify   '/data/data/com.termux/files/usr/lib/node_modules/netlify-cli/node_modules/@rollup/rollup-linux-arm64-musl'
434 silly reify ]
435 verbose reify failed optional dependency /data/data/com.termux/files/usr/lib/node_modules/netlify-cli/node_modules/@rollup/rollup-linux-arm64-gnu
436 silly reify mark deleted [
436 silly reify   '/data/data/com.termux/files/usr/lib/node_modules/netlify-cli/node_modules/@rollup/rollup-linux-arm64-gnu'
436 silly reify ]
437 verbose reify failed optional dependency /data/data/com.termux/files/usr/lib/node_modules/netlify-cli/node_modules/@rollup/rollup-linux-arm-musleabihf
438 silly reify mark deleted [
438 silly reify   '/data/data/com.termux/files/usr/lib/node_modules/netlify-cli/node_modules/@rollup/rollup-linux-arm-musleabihf'
438 silly reify ]
439 verbose reify failed optional dependency /data/data/com.termux/files/usr/lib/node_modules/netlify-cli/node_modules/@rollup/rollup-linux-arm-gnueabihf
440 silly reify mark deleted [
440 silly reify   '/data/data/com.termux/files/usr/lib/node_modules/netlify-cli/node_modules/@rollup/rollup-linux-arm-gnueabihf'
440 silly reify ]
441 verbose reify failed optional dependency /data/data/com.termux/files/usr/lib/node_modules/netlify-cli/node_modules/@rollup/rollup-freebsd-x64
442 silly reify mark deleted [
442 silly reify   '/data/data/com.termux/files/usr/lib/node_modules/netlify-cli/node_modules/@rollup/rollup-freebsd-x64'
442 silly reify ]
443 verbose reify failed optional dependency /data/data/com.termux/files/usr/lib/node_modules/netlify-cli/node_modules/@rollup/rollup-freebsd-arm64
444 silly reify mark deleted [
444 silly reify   '/data/data/com.termux/files/usr/lib/node_modules/netlify-cli/node_modules/@rollup/rollup-freebsd-arm64'
444 silly reify ]
445 verbose reify failed optional dependency /data/data/com.termux/files/usr/lib/node_modules/netlify-cli/node_modules/@rollup/rollup-darwin-x64
446 silly reify mark deleted [
446 silly reify   '/data/data/com.termux/files/usr/lib/node_modules/netlify-cli/node_modules/@rollup/rollup-darwin-x64'
446 silly reify ]
447 verbose reify failed optional dependency /data/data/com.termux/files/usr/lib/node_modules/netlify-cli/node_modules/@rollup/rollup-darwin-arm64
448 silly reify mark deleted [
448 silly reify   '/data/data/com.termux/files/usr/lib/node_modules/netlify-cli/node_modules/@rollup/rollup-darwin-arm64'
448 silly reify ]
449 verbose reify failed optional dependency /data/data/com.termux/files/usr/lib/node_modules/netlify-cli/node_modules/@rollup/rollup-android-arm-eabi
450 silly reify mark deleted [
450 silly reify   '/data/data/com.termux/files/usr/lib/node_modules/netlify-cli/node_modules/@rollup/rollup-android-arm-eabi'
450 silly reify ]
451 verbose reify failed optional dependency /data/data/com.termux/files/usr/lib/node_modules/netlify-cli/node_modules/@parcel/watcher-win32-x64
452 silly reify mark deleted [
452 silly reify   '/data/data/com.termux/files/usr/lib/node_modules/netlify-cli/node_modules/@parcel/watcher-win32-x64'
452 silly reify ]
453 verbose reify failed optional dependency /data/data/com.termux/files/usr/lib/node_modules/netlify-cli/node_modules/@parcel/watcher-win32-ia32
454 silly reify mark deleted [
454 silly reify   '/data/data/com.termux/files/usr/lib/node_modules/netlify-cli/node_modules/@parcel/watcher-win32-ia32'
454 silly reify ]
455 verbose reify failed optional dependency /data/data/com.termux/files/usr/lib/node_modules/netlify-cli/node_modules/@parcel/watcher-win32-arm64
456 silly reify mark deleted [
456 silly reify   '/data/data/com.termux/files/usr/lib/node_modules/netlify-cli/node_modules/@parcel/watcher-win32-arm64'
456 silly reify ]
457 verbose reify failed optional dependency /data/data/com.termux/files/usr/lib/node_modules/netlify-cli/node_modules/@parcel/watcher-linux-x64-musl
458 silly reify mark deleted [
458 silly reify   '/data/data/com.termux/files/usr/lib/node_modules/netlify-cli/node_modules/@parcel/watcher-linux-x64-musl'
458 silly reify ]
459 verbose reify failed optional dependency /data/data/com.termux/files/usr/lib/node_modules/netlify-cli/node_modules/@parcel/watcher-linux-x64-glibc
460 silly reify mark deleted [
460 silly reify   '/data/data/com.termux/files/usr/lib/node_modules/netlify-cli/node_modules/@parcel/watcher-linux-x64-glibc'
460 silly reify ]
461 verbose reify failed optional dependency /data/data/com.termux/files/usr/lib/node_modules/netlify-cli/node_modules/@parcel/watcher-linux-arm64-musl
462 silly reify mark deleted [
462 silly reify   '/data/data/com.termux/files/usr/lib/node_modules/netlify-cli/node_modules/@parcel/watcher-linux-arm64-musl'
462 silly reify ]
463 verbose reify failed optional dependency /data/data/com.termux/files/usr/lib/node_modules/netlify-cli/node_modules/@parcel/watcher-linux-arm64-glibc
464 silly reify mark deleted [
464 silly reify   '/data/data/com.termux/files/usr/lib/node_modules/netlify-cli/node_modules/@parcel/watcher-linux-arm64-glibc'
464 silly reify ]
465 verbose reify failed optional dependency /data/data/com.termux/files/usr/lib/node_modules/netlify-cli/node_modules/@parcel/watcher-linux-arm-musl
466 silly reify mark deleted [
466 silly reify   '/data/data/com.termux/files/usr/lib/node_modules/netlify-cli/node_modules/@parcel/watcher-linux-arm-musl'
466 silly reify ]
467 verbose reify failed optional dependency /data/data/com.termux/files/usr/lib/node_modules/netlify-cli/node_modules/@parcel/watcher-linux-arm-glibc
468 silly reify mark deleted [
468 silly reify   '/data/data/com.termux/files/usr/lib/node_modules/netlify-cli/node_modules/@parcel/watcher-linux-arm-glibc'
468 silly reify ]
469 verbose reify failed optional dependency /data/data/com.termux/files/usr/lib/node_modules/netlify-cli/node_modules/@parcel/watcher-freebsd-x64
470 silly reify mark deleted [
470 silly reify   '/data/data/com.termux/files/usr/lib/node_modules/netlify-cli/node_modules/@parcel/watcher-freebsd-x64'
470 silly reify ]
471 verbose reify failed optional dependency /data/data/com.termux/files/usr/lib/node_modules/netlify-cli/node_modules/@parcel/watcher-darwin-x64
472 silly reify mark deleted [
472 silly reify   '/data/data/com.termux/files/usr/lib/node_modules/netlify-cli/node_modules/@parcel/watcher-darwin-x64'
472 silly reify ]
473 verbose reify failed optional dependency /data/data/com.termux/files/usr/lib/node_modules/netlify-cli/node_modules/@parcel/watcher-darwin-arm64
474 silly reify mark deleted [
474 silly reify   '/data/data/com.termux/files/usr/lib/node_modules/netlify-cli/node_modules/@parcel/watcher-darwin-arm64'
474 silly reify ]
475 verbose reify failed optional dependency /data/data/com.termux/files/usr/lib/node_modules/netlify-cli/node_modules/@netlify/local-functions-proxy-win32-x64
476 silly reify mark deleted [
476 silly reify   '/data/data/com.termux/files/usr/lib/node_modules/netlify-cli/node_modules/@netlify/local-functions-proxy-win32-x64',
476 silly reify   '/data/data/com.termux/files/usr/lib/node_modules/netlify-cli/node_modules/.bin/local-functions-proxy.exe'
476 silly reify ]
477 verbose reify failed optional dependency /data/data/com.termux/files/usr/lib/node_modules/netlify-cli/node_modules/@netlify/local-functions-proxy-win32-ia32
478 silly reify mark deleted [
478 silly reify   '/data/data/com.termux/files/usr/lib/node_modules/netlify-cli/node_modules/@netlify/local-functions-proxy-win32-ia32',
478 silly reify   '/data/data/com.termux/files/usr/lib/node_modules/netlify-cli/node_modules/.bin/local-functions-proxy.exe'
478 silly reify ]
479 verbose reify failed optional dependency /data/data/com.termux/files/usr/lib/node_modules/netlify-cli/node_modules/@netlify/local-functions-proxy-openbsd-x64
480 silly reify mark deleted [
480 silly reify   '/data/data/com.termux/files/usr/lib/node_modules/netlify-cli/node_modules/@netlify/local-functions-proxy-openbsd-x64',
480 silly reify   '/data/data/com.termux/files/usr/lib/node_modules/netlify-cli/node_modules/.bin/local-functions-proxy'
480 silly reify ]
481 verbose reify failed optional dependency /data/data/com.termux/files/usr/lib/node_modules/netlify-cli/node_modules/@netlify/local-functions-proxy-linux-x64
482 silly reify mark deleted [
482 silly reify   '/data/data/com.termux/files/usr/lib/node_modules/netlify-cli/node_modules/@netlify/local-functions-proxy-linux-x64',
482 silly reify   '/data/data/com.termux/files/usr/lib/node_modules/netlify-cli/node_modules/.bin/local-functions-proxy'
482 silly reify ]
483 verbose reify failed optional dependency /data/data/com.termux/files/usr/lib/node_modules/netlify-cli/node_modules/@netlify/local-functions-proxy-linux-ppc64
484 silly reify mark deleted [
484 silly reify   '/data/data/com.termux/files/usr/lib/node_modules/netlify-cli/node_modules/@netlify/local-functions-proxy-linux-ppc64',
484 silly reify   '/data/data/com.termux/files/usr/lib/node_modules/netlify-cli/node_modules/.bin/local-functions-proxy'
484 silly reify ]
485 verbose reify failed optional dependency /data/data/com.termux/files/usr/lib/node_modules/netlify-cli/node_modules/@netlify/local-functions-proxy-linux-ia32
486 silly reify mark deleted [
486 silly reify   '/data/data/com.termux/files/usr/lib/node_modules/netlify-cli/node_modules/@netlify/local-functions-proxy-linux-ia32',
486 silly reify   '/data/data/com.termux/files/usr/lib/node_modules/netlify-cli/node_modules/.bin/local-functions-proxy'
486 silly reify ]
487 verbose reify failed optional dependency /data/data/com.termux/files/usr/lib/node_modules/netlify-cli/node_modules/@netlify/local-functions-proxy-linux-arm64
488 silly reify mark deleted [
488 silly reify   '/data/data/com.termux/files/usr/lib/node_modules/netlify-cli/node_modules/@netlify/local-functions-proxy-linux-arm64',
488 silly reify   '/data/data/com.termux/files/usr/lib/node_modules/netlify-cli/node_modules/.bin/local-functions-proxy'
488 silly reify ]
489 verbose reify failed optional dependency /data/data/com.termux/files/usr/lib/node_modules/netlify-cli/node_modules/@netlify/local-functions-proxy-linux-arm
490 silly reify mark deleted [
490 silly reify   '/data/data/com.termux/files/usr/lib/node_modules/netlify-cli/node_modules/@netlify/local-functions-proxy-linux-arm',
490 silly reify   '/data/data/com.termux/files/usr/lib/node_modules/netlify-cli/node_modules/.bin/local-functions-proxy'
490 silly reify ]
491 verbose reify failed optional dependency /data/data/com.termux/files/usr/lib/node_modules/netlify-cli/node_modules/@netlify/local-functions-proxy-freebsd-x64
492 silly reify mark deleted [
492 silly reify   '/data/data/com.termux/files/usr/lib/node_modules/netlify-cli/node_modules/@netlify/local-functions-proxy-freebsd-x64',
492 silly reify   '/data/data/com.termux/files/usr/lib/node_modules/netlify-cli/node_modules/.bin/local-functions-proxy'
492 silly reify ]
493 verbose reify failed optional dependency /data/data/com.termux/files/usr/lib/node_modules/netlify-cli/node_modules/@netlify/local-functions-proxy-freebsd-arm64
494 silly reify mark deleted [
494 silly reify   '/data/data/com.termux/files/usr/lib/node_modules/netlify-cli/node_modules/@netlify/local-functions-proxy-freebsd-arm64',
494 silly reify   '/data/data/com.termux/files/usr/lib/node_modules/netlify-cli/node_modules/.bin/local-functions-proxy'
494 silly reify ]
495 verbose reify failed optional dependency /data/data/com.termux/files/usr/lib/node_modules/netlify-cli/node_modules/@netlify/local-functions-proxy-darwin-x64
496 silly reify mark deleted [
496 silly reify   '/data/data/com.termux/files/usr/lib/node_modules/netlify-cli/node_modules/@netlify/local-functions-proxy-darwin-x64',
496 silly reify   '/data/data/com.termux/files/usr/lib/node_modules/netlify-cli/node_modules/.bin/local-functions-proxy'
496 silly reify ]
497 verbose reify failed optional dependency /data/data/com.termux/files/usr/lib/node_modules/netlify-cli/node_modules/@netlify/local-functions-proxy-darwin-arm64
498 silly reify mark deleted [
498 silly reify   '/data/data/com.termux/files/usr/lib/node_modules/netlify-cli/node_modules/@netlify/local-functions-proxy-darwin-arm64',
498 silly reify   '/data/data/com.termux/files/usr/lib/node_modules/netlify-cli/node_modules/.bin/local-functions-proxy'
498 silly reify ]
499 verbose reify failed optional dependency /data/data/com.termux/files/usr/lib/node_modules/netlify-cli/node_modules/@img/sharp-win32-x64
500 silly reify mark deleted [
500 silly reify   '/data/data/com.termux/files/usr/lib/node_modules/netlify-cli/node_modules/@img/sharp-win32-x64'
500 silly reify ]
501 verbose reify failed optional dependency /data/data/com.termux/files/usr/lib/node_modules/netlify-cli/node_modules/@img/sharp-win32-ia32
502 silly reify mark deleted [
502 silly reify   '/data/data/com.termux/files/usr/lib/node_modules/netlify-cli/node_modules/@img/sharp-win32-ia32'
502 silly reify ]
503 verbose reify failed optional dependency /data/data/com.termux/files/usr/lib/node_modules/netlify-cli/node_modules/@img/sharp-win32-arm64
504 silly reify mark deleted [
504 silly reify   '/data/data/com.termux/files/usr/lib/node_modules/netlify-cli/node_modules/@img/sharp-win32-arm64'
504 silly reify ]
505 verbose reify failed optional dependency /data/data/com.termux/files/usr/lib/node_modules/netlify-cli/node_modules/@img/sharp-wasm32
506 silly reify mark deleted [
506 silly reify   '/data/data/com.termux/files/usr/lib/node_modules/netlify-cli/node_modules/@img/sharp-wasm32'
506 silly reify ]
507 verbose reify failed optional dependency /data/data/com.termux/files/usr/lib/node_modules/netlify-cli/node_modules/@emnapi/runtime
508 silly reify mark deleted [
508 silly reify   '/data/data/com.termux/files/usr/lib/node_modules/netlify-cli/node_modules/@emnapi/runtime'
508 silly reify ]
509 verbose reify failed optional dependency /data/data/com.termux/files/usr/lib/node_modules/netlify-cli/node_modules/@img/sharp-linuxmusl-x64
510 silly reify mark deleted [
510 silly reify   '/data/data/com.termux/files/usr/lib/node_modules/netlify-cli/node_modules/@img/sharp-linuxmusl-x64'
510 silly reify ]
511 verbose reify failed optional dependency /data/data/com.termux/files/usr/lib/node_modules/netlify-cli/node_modules/@img/sharp-linuxmusl-arm64
512 silly reify mark deleted [
512 silly reify   '/data/data/com.termux/files/usr/lib/node_modules/netlify-cli/node_modules/@img/sharp-linuxmusl-arm64'
512 silly reify ]
513 verbose reify failed optional dependency /data/data/com.termux/files/usr/lib/node_modules/netlify-cli/node_modules/@img/sharp-linux-x64
514 silly reify mark deleted [
514 silly reify   '/data/data/com.termux/files/usr/lib/node_modules/netlify-cli/node_modules/@img/sharp-linux-x64'
514 silly reify ]
515 verbose reify failed optional dependency /data/data/com.termux/files/usr/lib/node_modules/netlify-cli/node_modules/@img/sharp-linux-s390x
516 silly reify mark deleted [
516 silly reify   '/data/data/com.termux/files/usr/lib/node_modules/netlify-cli/node_modules/@img/sharp-linux-s390x'
516 silly reify ]
517 verbose reify failed optional dependency /data/data/com.termux/files/usr/lib/node_modules/netlify-cli/node_modules/@img/sharp-linux-ppc64
518 silly reify mark deleted [
518 silly reify   '/data/data/com.termux/files/usr/lib/node_modules/netlify-cli/node_modules/@img/sharp-linux-ppc64'
518 silly reify ]
519 verbose reify failed optional dependency /data/data/com.termux/files/usr/lib/node_modules/netlify-cli/node_modules/@img/sharp-linux-arm64
520 silly reify mark deleted [
520 silly reify   '/data/data/com.termux/files/usr/lib/node_modules/netlify-cli/node_modules/@img/sharp-linux-arm64'
520 silly reify ]
521 verbose reify failed optional dependency /data/data/com.termux/files/usr/lib/node_modules/netlify-cli/node_modules/@img/sharp-linux-arm
522 silly reify mark deleted [
522 silly reify   '/data/data/com.termux/files/usr/lib/node_modules/netlify-cli/node_modules/@img/sharp-linux-arm'
522 silly reify ]
523 verbose reify failed optional dependency /data/data/com.termux/files/usr/lib/node_modules/netlify-cli/node_modules/@img/sharp-libvips-linuxmusl-x64
524 silly reify mark deleted [
524 silly reify   '/data/data/com.termux/files/usr/lib/node_modules/netlify-cli/node_modules/@img/sharp-libvips-linuxmusl-x64'
524 silly reify ]
525 verbose reify failed optional dependency /data/data/com.termux/files/usr/lib/node_modules/netlify-cli/node_modules/@img/sharp-libvips-linuxmusl-arm64
526 silly reify mark deleted [
526 silly reify   '/data/data/com.termux/files/usr/lib/node_modules/netlify-cli/node_modules/@img/sharp-libvips-linuxmusl-arm64'
526 silly reify ]
527 verbose reify failed optional dependency /data/data/com.termux/files/usr/lib/node_modules/netlify-cli/node_modules/@img/sharp-libvips-linux-x64
528 silly reify mark deleted [
528 silly reify   '/data/data/com.termux/files/usr/lib/node_modules/netlify-cli/node_modules/@img/sharp-libvips-linux-x64'
528 silly reify ]
529 verbose reify failed optional dependency /data/data/com.termux/files/usr/lib/node_modules/netlify-cli/node_modules/@img/sharp-libvips-linux-s390x
530 silly reify mark deleted [
530 silly reify   '/data/data/com.termux/files/usr/lib/node_modules/netlify-cli/node_modules/@img/sharp-libvips-linux-s390x'
530 silly reify ]
531 verbose reify failed optional dependency /data/data/com.termux/files/usr/lib/node_modules/netlify-cli/node_modules/@img/sharp-libvips-linux-ppc64
532 silly reify mark deleted [
532 silly reify   '/data/data/com.termux/files/usr/lib/node_modules/netlify-cli/node_modules/@img/sharp-libvips-linux-ppc64'
532 silly reify ]
533 verbose reify failed optional dependency /data/data/com.termux/files/usr/lib/node_modules/netlify-cli/node_modules/@img/sharp-libvips-linux-arm64
534 silly reify mark deleted [
534 silly reify   '/data/data/com.termux/files/usr/lib/node_modules/netlify-cli/node_modules/@img/sharp-libvips-linux-arm64'
534 silly reify ]
535 verbose reify failed optional dependency /data/data/com.termux/files/usr/lib/node_modules/netlify-cli/node_modules/@img/sharp-libvips-linux-arm
536 silly reify mark deleted [
536 silly reify   '/data/data/com.termux/files/usr/lib/node_modules/netlify-cli/node_modules/@img/sharp-libvips-linux-arm'
536 silly reify ]
537 verbose reify failed optional dependency /data/data/com.termux/files/usr/lib/node_modules/netlify-cli/node_modules/@img/sharp-libvips-darwin-x64
538 silly reify mark deleted [
538 silly reify   '/data/data/com.termux/files/usr/lib/node_modules/netlify-cli/node_modules/@img/sharp-libvips-darwin-x64'
538 silly reify ]
539 verbose reify failed optional dependency /data/data/com.termux/files/usr/lib/node_modules/netlify-cli/node_modules/@img/sharp-libvips-darwin-arm64
540 silly reify mark deleted [
540 silly reify   '/data/data/com.termux/files/usr/lib/node_modules/netlify-cli/node_modules/@img/sharp-libvips-darwin-arm64'
540 silly reify ]
541 verbose reify failed optional dependency /data/data/com.termux/files/usr/lib/node_modules/netlify-cli/node_modules/@img/sharp-darwin-x64
542 silly reify mark deleted [
542 silly reify   '/data/data/com.termux/files/usr/lib/node_modules/netlify-cli/node_modules/@img/sharp-darwin-x64'
542 silly reify ]
543 verbose reify failed optional dependency /data/data/com.termux/files/usr/lib/node_modules/netlify-cli/node_modules/@img/sharp-darwin-arm64
544 silly reify mark deleted [
544 silly reify   '/data/data/com.termux/files/usr/lib/node_modules/netlify-cli/node_modules/@img/sharp-darwin-arm64'
544 silly reify ]
545 verbose reify failed optional dependency /data/data/com.termux/files/usr/lib/node_modules/netlify-cli/node_modules/@esbuild/win32-x64
546 silly reify mark deleted [
546 silly reify   '/data/data/com.termux/files/usr/lib/node_modules/netlify-cli/node_modules/@esbuild/win32-x64'
546 silly reify ]
547 verbose reify failed optional dependency /data/data/com.termux/files/usr/lib/node_modules/netlify-cli/node_modules/@esbuild/win32-ia32
548 silly reify mark deleted [
548 silly reify   '/data/data/com.termux/files/usr/lib/node_modules/netlify-cli/node_modules/@esbuild/win32-ia32'
548 silly reify ]
549 verbose reify failed optional dependency /data/data/com.termux/files/usr/lib/node_modules/netlify-cli/node_modules/@esbuild/win32-arm64
550 silly reify mark deleted [
550 silly reify   '/data/data/com.termux/files/usr/lib/node_modules/netlify-cli/node_modules/@esbuild/win32-arm64'
550 silly reify ]
551 verbose reify failed optional dependency /data/data/com.termux/files/usr/lib/node_modules/netlify-cli/node_modules/@esbuild/sunos-x64
552 silly reify mark deleted [
552 silly reify   '/data/data/com.termux/files/usr/lib/node_modules/netlify-cli/node_modules/@esbuild/sunos-x64'
552 silly reify ]
553 verbose reify failed optional dependency /data/data/com.termux/files/usr/lib/node_modules/netlify-cli/node_modules/@esbuild/openharmony-arm64
554 silly reify mark deleted [
554 silly reify   '/data/data/com.termux/files/usr/lib/node_modules/netlify-cli/node_modules/@esbuild/openharmony-arm64'
554 silly reify ]
555 verbose reify failed optional dependency /data/data/com.termux/files/usr/lib/node_modules/netlify-cli/node_modules/@esbuild/openbsd-x64
556 silly reify mark deleted [
556 silly reify   '/data/data/com.termux/files/usr/lib/node_modules/netlify-cli/node_modules/@esbuild/openbsd-x64'
556 silly reify ]
557 verbose reify failed optional dependency /data/data/com.termux/files/usr/lib/node_modules/netlify-cli/node_modules/@esbuild/openbsd-arm64
558 silly reify mark deleted [
558 silly reify   '/data/data/com.termux/files/usr/lib/node_modules/netlify-cli/node_modules/@esbuild/openbsd-arm64'
558 silly reify ]
559 verbose reify failed optional dependency /data/data/com.termux/files/usr/lib/node_modules/netlify-cli/node_modules/@esbuild/netbsd-x64
560 silly reify mark deleted [
560 silly reify   '/data/data/com.termux/files/usr/lib/node_modules/netlify-cli/node_modules/@esbuild/netbsd-x64'
560 silly reify ]
561 verbose reify failed optional dependency /data/data/com.termux/files/usr/lib/node_modules/netlify-cli/node_modules/@esbuild/netbsd-arm64
562 silly reify mark deleted [
562 silly reify   '/data/data/com.termux/files/usr/lib/node_modules/netlify-cli/node_modules/@esbuild/netbsd-arm64'
562 silly reify ]
563 verbose reify failed optional dependency /data/data/com.termux/files/usr/lib/node_modules/netlify-cli/node_modules/@esbuild/linux-x64
564 silly reify mark deleted [
564 silly reify   '/data/data/com.termux/files/usr/lib/node_modules/netlify-cli/node_modules/@esbuild/linux-x64'
564 silly reify ]
565 verbose reify failed optional dependency /data/data/com.termux/files/usr/lib/node_modules/netlify-cli/node_modules/@esbuild/linux-s390x
566 silly reify mark deleted [
566 silly reify   '/data/data/com.termux/files/usr/lib/node_modules/netlify-cli/node_modules/@esbuild/linux-s390x'
566 silly reify ]
567 verbose reify failed optional dependency /data/data/com.termux/files/usr/lib/node_modules/netlify-cli/node_modules/@esbuild/linux-riscv64
568 silly reify mark deleted [
568 silly reify   '/data/data/com.termux/files/usr/lib/node_modules/netlify-cli/node_modules/@esbuild/linux-riscv64'
568 silly reify ]
569 verbose reify failed optional dependency /data/data/com.termux/files/usr/lib/node_modules/netlify-cli/node_modules/@esbuild/linux-ppc64
570 silly reify mark deleted [
570 silly reify   '/data/data/com.termux/files/usr/lib/node_modules/netlify-cli/node_modules/@esbuild/linux-ppc64'
570 silly reify ]
571 verbose reify failed optional dependency /data/data/com.termux/files/usr/lib/node_modules/netlify-cli/node_modules/@esbuild/linux-mips64el
572 silly reify mark deleted [
572 silly reify   '/data/data/com.termux/files/usr/lib/node_modules/netlify-cli/node_modules/@esbuild/linux-mips64el'
572 silly reify ]
573 verbose reify failed optional dependency /data/data/com.termux/files/usr/lib/node_modules/netlify-cli/node_modules/@esbuild/linux-loong64
574 silly reify mark deleted [
574 silly reify   '/data/data/com.termux/files/usr/lib/node_modules/netlify-cli/node_modules/@esbuild/linux-loong64'
574 silly reify ]
575 verbose reify failed optional dependency /data/data/com.termux/files/usr/lib/node_modules/netlify-cli/node_modules/@esbuild/linux-ia32
576 silly reify mark deleted [
576 silly reify   '/data/data/com.termux/files/usr/lib/node_modules/netlify-cli/node_modules/@esbuild/linux-ia32'
576 silly reify ]
577 verbose reify failed optional dependency /data/data/com.termux/files/usr/lib/node_modules/netlify-cli/node_modules/@esbuild/linux-arm64
578 silly reify mark deleted [
578 silly reify   '/data/data/com.termux/files/usr/lib/node_modules/netlify-cli/node_modules/@esbuild/linux-arm64'
578 silly reify ]
579 verbose reify failed optional dependency /data/data/com.termux/files/usr/lib/node_modules/netlify-cli/node_modules/@esbuild/linux-arm
580 silly reify mark deleted [
580 silly reify   '/data/data/com.termux/files/usr/lib/node_modules/netlify-cli/node_modules/@esbuild/linux-arm'
580 silly reify ]
581 verbose reify failed optional dependency /data/data/com.termux/files/usr/lib/node_modules/netlify-cli/node_modules/@esbuild/freebsd-x64
582 silly reify mark deleted [
582 silly reify   '/data/data/com.termux/files/usr/lib/node_modules/netlify-cli/node_modules/@esbuild/freebsd-x64'
582 silly reify ]
583 verbose reify failed optional dependency /data/data/com.termux/files/usr/lib/node_modules/netlify-cli/node_modules/@esbuild/freebsd-arm64
584 silly reify mark deleted [
584 silly reify   '/data/data/com.termux/files/usr/lib/node_modules/netlify-cli/node_modules/@esbuild/freebsd-arm64'
584 silly reify ]
585 verbose reify failed optional dependency /data/data/com.termux/files/usr/lib/node_modules/netlify-cli/node_modules/@esbuild/darwin-x64
586 silly reify mark deleted [
586 silly reify   '/data/data/com.termux/files/usr/lib/node_modules/netlify-cli/node_modules/@esbuild/darwin-x64'
586 silly reify ]
587 verbose reify failed optional dependency /data/data/com.termux/files/usr/lib/node_modules/netlify-cli/node_modules/@esbuild/darwin-arm64
588 silly reify mark deleted [
588 silly reify   '/data/data/com.termux/files/usr/lib/node_modules/netlify-cli/node_modules/@esbuild/darwin-arm64'
588 silly reify ]
589 verbose reify failed optional dependency /data/data/com.termux/files/usr/lib/node_modules/netlify-cli/node_modules/@esbuild/android-x64
590 silly reify mark deleted [
590 silly reify   '/data/data/com.termux/files/usr/lib/node_modules/netlify-cli/node_modules/@esbuild/android-x64'
590 silly reify ]
591 verbose reify failed optional dependency /data/data/com.termux/files/usr/lib/node_modules/netlify-cli/node_modules/@esbuild/android-arm
592 silly reify mark deleted [
592 silly reify   '/data/data/com.termux/files/usr/lib/node_modules/netlify-cli/node_modules/@esbuild/android-arm'
592 silly reify ]
593 verbose reify failed optional dependency /data/data/com.termux/files/usr/lib/node_modules/netlify-cli/node_modules/@esbuild/aix-ppc64
594 silly reify mark deleted [
594 silly reify   '/data/data/com.termux/files/usr/lib/node_modules/netlify-cli/node_modules/@esbuild/aix-ppc64'
594 silly reify ]
595 http cache @emnapi/runtime@https://registry.npmjs.org/@emnapi/runtime/-/runtime-1.5.0.tgz 0ms (cache hit)
596 http cache @xhmikosr/downloader@https://registry.npmjs.org/@xhmikosr/downloader/-/downloader-13.0.1.tgz 0ms (cache hit)
597 http cache @xhmikosr/decompress-unzip@https://registry.npmjs.org/@xhmikosr/decompress-unzip/-/decompress-unzip-6.0.0.tgz 0ms (cache hit)
598 http cache @xhmikosr/decompress-targz@https://registry.npmjs.org/@xhmikosr/decompress-targz/-/decompress-targz-7.0.0.tgz 0ms (cache hit)
599 http cache unix-dgram@https://registry.npmjs.org/unix-dgram/-/unix-dgram-2.0.7.tgz 0ms (cache hit)
600 http cache nan@https://registry.npmjs.org/nan/-/nan-2.23.0.tgz 0ms (cache hit)
601 http cache @xhmikosr/decompress-tarbz2@https://registry.npmjs.org/@xhmikosr/decompress-tarbz2/-/decompress-tarbz2-7.0.0.tgz 0ms (cache hit)
602 http cache @xhmikosr/decompress@https://registry.npmjs.org/@xhmikosr/decompress/-/decompress-9.0.1.tgz 0ms (cache hit)
603 http cache @xhmikosr/archive-type@https://registry.npmjs.org/@xhmikosr/archive-type/-/archive-type-6.0.1.tgz 0ms (cache hit)
604 http cache @xhmikosr/decompress-tar@https://registry.npmjs.org/@xhmikosr/decompress-tar/-/decompress-tar-7.0.0.tgz 0ms (cache hit)
605 http cache @whatwg-node/fetch@https://registry.npmjs.org/@whatwg-node/fetch/-/fetch-0.10.11.tgz 0ms (cache hit)
606 http cache @whatwg-node/server@https://registry.npmjs.org/@whatwg-node/server/-/server-0.10.12.tgz 0ms (cache hit)
607 http cache @whatwg-node/disposablestack@https://registry.npmjs.org/@whatwg-node/disposablestack/-/disposablestack-0.0.6.tgz 0ms (cache hit)
608 http cache @vue/compiler-sfc@https://registry.npmjs.org/@vue/compiler-sfc/-/compiler-sfc-3.5.22.tgz 0ms (cache hit)
609 http cache @vue/compiler-dom@https://registry.npmjs.org/@vue/compiler-dom/-/compiler-dom-3.5.22.tgz 0ms (cache hit)
610 http cache @vue/compiler-ssr@https://registry.npmjs.org/@vue/compiler-ssr/-/compiler-ssr-3.5.22.tgz 0ms (cache hit)
611 http cache @whatwg-node/node-fetch@https://registry.npmjs.org/@whatwg-node/node-fetch/-/node-fetch-0.8.0.tgz 0ms (cache hit)
612 http cache @vue/compiler-core@https://registry.npmjs.org/@vue/compiler-core/-/compiler-core-3.5.22.tgz 0ms (cache hit)
613 http cache @vue/shared@https://registry.npmjs.org/@vue/shared/-/shared-3.5.22.tgz 0ms (cache hit)
614 http cache @vercel/nft@https://registry.npmjs.org/@vercel/nft/-/nft-0.29.4.tgz 0ms (cache hit)
615 http cache @types/yauzl@https://registry.npmjs.org/@types/yauzl/-/yauzl-2.10.3.tgz 0ms (cache hit)
616 http cache @typescript-eslint/typescript-estree@https://registry.npmjs.org/@typescript-eslint/typescript-estree/-/typescript-estree-8.45.0.tgz 0ms (cache hit)
617 http cache @typescript-eslint/tsconfig-utils@https://registry.npmjs.org/@typescript-eslint/tsconfig-utils/-/tsconfig-utils-8.45.0.tgz 0ms (cache hit)
618 http cache @typescript-eslint/types@https://registry.npmjs.org/@typescript-eslint/types/-/types-8.45.0.tgz 0ms (cache hit)
619 http cache @typescript-eslint/visitor-keys@https://registry.npmjs.org/@typescript-eslint/visitor-keys/-/visitor-keys-8.45.0.tgz 0ms (cache hit)
620 http cache @typescript-eslint/project-service@https://registry.npmjs.org/@typescript-eslint/project-service/-/project-service-8.45.0.tgz 0ms (cache hit)
621 http cache @whatwg-node/promise-helpers@https://registry.npmjs.org/@whatwg-node/promise-helpers/-/promise-helpers-1.3.2.tgz 0ms (cache hit)
622 http cache @types/send@https://registry.npmjs.org/@types/send/-/send-0.17.5.tgz 0ms (cache hit)
623 http cache @types/range-parser@https://registry.npmjs.org/@types/range-parser/-/range-parser-1.2.7.tgz 0ms (cache hit)
624 http cache @types/qs@https://registry.npmjs.org/@types/qs/-/qs-6.14.0.tgz 0ms (cache hit)
625 http cache @types/node@https://registry.npmjs.org/@types/node/-/node-22.18.7.tgz 0ms (cache hit)
626 http cache @types/triple-beam@https://registry.npmjs.org/@types/triple-beam/-/triple-beam-1.3.5.tgz 0ms (cache hit)
627 http cache @types/serve-static@https://registry.npmjs.org/@types/serve-static/-/serve-static-1.15.8.tgz 0ms (cache hit)
628 http cache @types/mime@https://registry.npmjs.org/@types/mime/-/mime-1.3.5.tgz 0ms (cache hit)
629 http cache @types/http-proxy@https://registry.npmjs.org/@types/http-proxy/-/http-proxy-1.17.16.tgz 0ms (cache hit)
630 http cache @types/retry@https://registry.npmjs.org/@types/retry/-/retry-0.12.2.tgz 0ms (cache hit)
631 http cache @types/express-serve-static-core@https://registry.npmjs.org/@types/express-serve-static-core/-/express-serve-static-core-4.19.6.tgz 0ms (cache hit)
632 http cache @types/express@https://registry.npmjs.org/@types/express/-/express-4.17.23.tgz 0ms (cache hit)
633 http cache @types/http-errors@https://registry.npmjs.org/@types/http-errors/-/http-errors-2.0.5.tgz 0ms (cache hit)
634 http cache @types/body-parser@https://registry.npmjs.org/@types/body-parser/-/body-parser-1.19.6.tgz 0ms (cache hit)
635 http cache @types/normalize-package-data@https://registry.npmjs.org/@types/normalize-package-data/-/normalize-package-data-2.4.4.tgz 0ms (cache hit)
636 http cache @types/connect@https://registry.npmjs.org/@types/connect/-/connect-3.4.38.tgz 0ms (cache hit)
637 http cache @types/http-cache-semantics@https://registry.npmjs.org/@types/http-cache-semantics/-/http-cache-semantics-4.0.4.tgz 0ms (cache hit)
638 http cache @tsconfig/node14@https://registry.npmjs.org/@tsconfig/node14/-/node14-1.0.3.tgz 1ms (cache hit)
639 http cache @tokenizer/token@https://registry.npmjs.org/@tokenizer/token/-/token-0.3.0.tgz 0ms (cache hit)
640 http cache @types/estree@https://registry.npmjs.org/@types/estree/-/estree-1.0.8.tgz 0ms (cache hit)
641 http cache @tsconfig/node10@https://registry.npmjs.org/@tsconfig/node10/-/node10-1.0.11.tgz 0ms (cache hit)
642 http cache @tsconfig/node16@https://registry.npmjs.org/@tsconfig/node16/-/node16-1.0.4.tgz 0ms (cache hit)
643 http cache @sindresorhus/merge-streams@https://registry.npmjs.org/@sindresorhus/merge-streams/-/merge-streams-2.3.0.tgz 0ms (cache hit)
644 http cache @szmarczak/http-timer@https://registry.npmjs.org/@szmarczak/http-timer/-/http-timer-5.0.1.tgz 0ms (cache hit)
645 http cache @tsconfig/node12@https://registry.npmjs.org/@tsconfig/node12/-/node12-1.0.11.tgz 0ms (cache hit)
646 http cache @pnpm/tabtab@https://registry.npmjs.org/@pnpm/tabtab/-/tabtab-0.5.4.tgz 0ms (cache hit)
647 http cache @sindresorhus/transliterate@https://registry.npmjs.org/@sindresorhus/transliterate/-/transliterate-1.6.0.tgz 0ms (cache hit)
648 http cache @pnpm/network.ca-file@https://registry.npmjs.org/@pnpm/network.ca-file/-/network.ca-file-1.0.2.tgz 0ms (cache hit)
649 http cache @rollup/pluginutils@https://registry.npmjs.org/@rollup/pluginutils/-/pluginutils-5.3.0.tgz 1ms (cache hit)
650 http cache @rollup/rollup-android-arm64@https://registry.npmjs.org/@rollup/rollup-android-arm64/-/rollup-android-arm64-4.52.2.tgz 0ms (cache hit)
651 http cache @sindresorhus/is@https://registry.npmjs.org/@sindresorhus/is/-/is-5.6.0.tgz 0ms (cache hit)
652 http cache @sec-ant/readable-stream@https://registry.npmjs.org/@sec-ant/readable-stream/-/readable-stream-0.4.1.tgz 0ms (cache hit)
653 http cache @parcel/watcher-android-arm64@https://registry.npmjs.org/@parcel/watcher-android-arm64/-/watcher-android-arm64-2.5.1.tgz 0ms (cache hit)
654 http cache @pkgjs/parseargs@https://registry.npmjs.org/@pkgjs/parseargs/-/parseargs-0.11.0.tgz 0ms (cache hit)
655 http cache @parcel/watcher@https://registry.npmjs.org/@parcel/watcher/-/watcher-2.5.1.tgz 0ms (cache hit)
656 http cache @pnpm/npm-conf@https://registry.npmjs.org/@pnpm/npm-conf/-/npm-conf-2.3.1.tgz 0ms (cache hit)
657 http cache @opentelemetry/api@https://registry.npmjs.org/@opentelemetry/api/-/api-1.8.0.tgz 0ms (cache hit)
658 http cache @pnpm/config.env-replace@https://registry.npmjs.org/@pnpm/config.env-replace/-/config.env-replace-1.1.0.tgz 0ms (cache hit)
659 http cache @octokit/request@https://registry.npmjs.org/@octokit/request/-/request-10.0.5.tgz 0ms (cache hit)
660 http cache @octokit/openapi-types@https://registry.npmjs.org/@octokit/openapi-types/-/openapi-types-26.0.0.tgz 0ms (cache hit)
661 http cache @octokit/rest@https://registry.npmjs.org/@octokit/rest/-/rest-22.0.0.tgz 0ms (cache hit)
662 http cache @octokit/plugin-request-log@https://registry.npmjs.org/@octokit/plugin-request-log/-/plugin-request-log-6.0.0.tgz 0ms (cache hit)
663 http cache @octokit/graphql@https://registry.npmjs.org/@octokit/graphql/-/graphql-9.0.2.tgz 0ms (cache hit)
664 http cache @octokit/auth-token@https://registry.npmjs.org/@octokit/auth-token/-/auth-token-6.0.0.tgz 0ms (cache hit)
665 http cache @octokit/plugin-paginate-rest@https://registry.npmjs.org/@octokit/plugin-paginate-rest/-/plugin-paginate-rest-13.2.0.tgz 0ms (cache hit)
666 http cache @octokit/endpoint@https://registry.npmjs.org/@octokit/endpoint/-/endpoint-11.0.1.tgz 0ms (cache hit)
667 http cache @octokit/plugin-rest-endpoint-methods@https://registry.npmjs.org/@octokit/plugin-rest-endpoint-methods/-/plugin-rest-endpoint-methods-16.1.0.tgz 0ms (cache hit)
668 http cache @octokit/request-error@https://registry.npmjs.org/@octokit/request-error/-/request-error-7.0.1.tgz 0ms (cache hit)
669 http cache @octokit/core@https://registry.npmjs.org/@octokit/core/-/core-7.0.5.tgz 0ms (cache hit)
670 http cache @nodelib/fs.walk@https://registry.npmjs.org/@nodelib/fs.walk/-/fs.walk-1.2.8.tgz 0ms (cache hit)
671 http cache @netlify/redirect-parser@https://registry.npmjs.org/@netlify/redirect-parser/-/redirect-parser-15.0.3.tgz 0ms (cache hit)
672 http cache @netlify/zip-it-and-ship-it@https://registry.npmjs.org/@netlify/zip-it-and-ship-it/-/zip-it-and-ship-it-14.1.8.tgz 0ms (cache hit)
673 http cache @nodelib/fs.stat@https://registry.npmjs.org/@nodelib/fs.stat/-/fs.stat-2.0.5.tgz 0ms (cache hit)
674 http cache @netlify/runtime-utils@https://registry.npmjs.org/@netlify/runtime-utils/-/runtime-utils-2.1.0.tgz 0ms (cache hit)
675 http cache @nodelib/fs.scandir@https://registry.npmjs.org/@nodelib/fs.scandir/-/fs.scandir-2.1.5.tgz 0ms (cache hit)
676 http cache @netlify/run-utils@https://registry.npmjs.org/@netlify/run-utils/-/run-utils-6.0.2.tgz 0ms (cache hit)
677 http cache @netlify/open-api@https://registry.npmjs.org/@netlify/open-api/-/open-api-2.39.0.tgz 0ms (cache hit)
678 http cache @netlify/opentelemetry-utils@https://registry.npmjs.org/@netlify/opentelemetry-utils/-/opentelemetry-utils-2.0.1.tgz 0ms (cache hit)
679 http cache @netlify/edge-functions-bootstrap@https://registry.npmjs.org/@netlify/edge-functions-bootstrap/-/edge-functions-bootstrap-2.17.1.tgz 0ms (cache hit)
680 http cache @netlify/types@https://registry.npmjs.org/@netlify/types/-/types-2.0.3.tgz 0ms (cache hit)
681 http cache @netlify/local-functions-proxy@https://registry.npmjs.org/@netlify/local-functions-proxy/-/local-functions-proxy-2.0.3.tgz 0ms (cache hit)
682 http cache @netlify/plugins-list@https://registry.npmjs.org/@netlify/plugins-list/-/plugins-list-6.80.0.tgz 0ms (cache hit)
683 http cache @netlify/git-utils@https://registry.npmjs.org/@netlify/git-utils/-/git-utils-6.0.2.tgz 0ms (cache hit)
684 http cache @netlify/edge-bundler@https://registry.npmjs.org/@netlify/edge-bundler/-/edge-bundler-14.5.6.tgz 0ms (cache hit)
685 http cache @netlify/cache-utils@https://registry.npmjs.org/@netlify/cache-utils/-/cache-utils-6.0.4.tgz 0ms (cache hit)
686 http cache @netlify/edge-functions@https://registry.npmjs.org/@netlify/edge-functions/-/edge-functions-2.18.1.tgz 0ms (cache hit)
687 http cache @netlify/headers-parser@https://registry.npmjs.org/@netlify/headers-parser/-/headers-parser-9.0.2.tgz 0ms (cache hit)
688 http cache @netlify/dev-utils@https://registry.npmjs.org/@netlify/dev-utils/-/dev-utils-4.2.0.tgz 0ms (cache hit)
689 http cache @netlify/functions-utils@https://registry.npmjs.org/@netlify/functions-utils/-/functions-utils-6.2.8.tgz 0ms (cache hit)
690 http cache @octokit/types@https://registry.npmjs.org/@octokit/types/-/types-15.0.0.tgz 0ms (cache hit)
691 http cache @netlify/blobs@https://registry.npmjs.org/@netlify/blobs/-/blobs-10.0.11.tgz 0ms (cache hit)
692 http cache @netlify/ai@https://registry.npmjs.org/@netlify/ai/-/ai-0.2.1.tgz 0ms (cache hit)
693 http cache @netlify/api@https://registry.npmjs.org/@netlify/api/-/api-14.0.6.tgz 0ms (cache hit)
694 http cache @netlify/build@https://registry.npmjs.org/@netlify/build/-/build-35.1.8.tgz 0ms (cache hit)
695 http cache @netlify/binary-info@https://registry.npmjs.org/@netlify/binary-info/-/binary-info-1.0.0.tgz 0ms (cache hit)
696 http cache @lukeed/ms@https://registry.npmjs.org/@lukeed/ms/-/ms-2.0.2.tgz 0ms (cache hit)
697 http cache @mapbox/node-pre-gyp@https://registry.npmjs.org/@mapbox/node-pre-gyp/-/node-pre-gyp-2.0.0.tgz 0ms (cache hit)
698 http cache @netlify/config@https://registry.npmjs.org/@netlify/config/-/config-24.0.4.tgz 0ms (cache hit)
699 http cache @inquirer/external-editor@https://registry.npmjs.org/@inquirer/external-editor/-/external-editor-1.0.2.tgz 0ms (cache hit)
700 http cache @netlify/build-info@https://registry.npmjs.org/@netlify/build-info/-/build-info-10.0.8.tgz 0ms (cache hit)
701 http cache @jridgewell/resolve-uri@https://registry.npmjs.org/@jridgewell/resolve-uri/-/resolve-uri-3.1.2.tgz 0ms (cache hit)
702 http cache @jridgewell/sourcemap-codec@https://registry.npmjs.org/@jridgewell/sourcemap-codec/-/sourcemap-codec-1.5.5.tgz 0ms (cache hit)
703 http cache @isaacs/fs-minipass@https://registry.npmjs.org/@isaacs/fs-minipass/-/fs-minipass-4.0.1.tgz 0ms (cache hit)
704 http cache @iarna/toml@https://registry.npmjs.org/@iarna/toml/-/toml-2.2.5.tgz 0ms (cache hit)
705 http cache @import-maps/resolve@https://registry.npmjs.org/@import-maps/resolve/-/resolve-2.0.0.tgz 0ms (cache hit)
706 http cache @fastify/static@https://registry.npmjs.org/@fastify/static/-/static-7.0.4.tgz 0ms (cache hit)
707 http cache @isaacs/cliui@https://registry.npmjs.org/@isaacs/cliui/-/cliui-8.0.2.tgz 0ms (cache hit)
708 http cache @humanwhocodes/momoa@https://registry.npmjs.org/@humanwhocodes/momoa/-/momoa-2.0.4.tgz 0ms (cache hit)
709 http cache @fastify/error@https://registry.npmjs.org/@fastify/error/-/error-3.4.1.tgz 0ms (cache hit)
710 http cache @img/colour@https://registry.npmjs.org/@img/colour/-/colour-1.0.0.tgz 0ms (cache hit)
711 http cache @fastify/send@https://registry.npmjs.org/@fastify/send/-/send-2.1.0.tgz 0ms (cache hit)
712 http cache @fastify/fast-json-stringify-compiler@https://registry.npmjs.org/@fastify/fast-json-stringify-compiler/-/fast-json-stringify-compiler-4.3.0.tgz 0ms (cache hit)
713 http cache @fastify/accept-negotiator@https://registry.npmjs.org/@fastify/accept-negotiator/-/accept-negotiator-1.1.0.tgz 0ms (cache hit)
714 http cache @fastify/busboy@https://registry.npmjs.org/@fastify/busboy/-/busboy-3.2.0.tgz 0ms (cache hit)
715 http cache @fastify/ajv-compiler@https://registry.npmjs.org/@fastify/ajv-compiler/-/ajv-compiler-3.6.0.tgz 0ms (cache hit)
716 http cache @envelop/instrumentation@https://registry.npmjs.org/@envelop/instrumentation/-/instrumentation-1.0.0.tgz 0ms (cache hit)
717 http cache @dependents/detective-less@https://registry.npmjs.org/@dependents/detective-less/-/detective-less-5.0.1.tgz 0ms (cache hit)
718 http cache @fastify/merge-json-schemas@https://registry.npmjs.org/@fastify/merge-json-schemas/-/merge-json-schemas-0.1.1.tgz 0ms (cache hit)
719 http cache @dabh/diagnostics@https://registry.npmjs.org/@dabh/diagnostics/-/diagnostics-2.0.3.tgz 0ms (cache hit)
720 http cache @cspotcode/source-map-support@https://registry.npmjs.org/@cspotcode/source-map-support/-/source-map-support-0.8.1.tgz 0ms (cache hit)
721 http cache @esbuild/android-arm64@https://registry.npmjs.org/@esbuild/android-arm64/-/android-arm64-0.25.10.tgz 0ms (cache hit)
722 http cache @bugsnag/js@https://registry.npmjs.org/@bugsnag/js/-/js-8.6.0.tgz 0ms (cache hit)
723 http cache @bugsnag/node@https://registry.npmjs.org/@bugsnag/node/-/node-8.6.0.tgz 0ms (cache hit)
724 http cache @bugsnag/core@https://registry.npmjs.org/@bugsnag/core/-/core-8.6.0.tgz 0ms (cache hit)
725 http cache @babel/parser@https://registry.npmjs.org/@babel/parser/-/parser-7.28.4.tgz 0ms (cache hit)
726 http cache @bugsnag/cuid@https://registry.npmjs.org/@bugsnag/cuid/-/cuid-3.2.1.tgz 0ms (cache hit)
727 http cache @bugsnag/browser@https://registry.npmjs.org/@bugsnag/browser/-/browser-8.6.0.tgz 0ms (cache hit)
728 http cache @babel/helper-string-parser@https://registry.npmjs.org/@babel/helper-string-parser/-/helper-string-parser-7.27.1.tgz 0ms (cache hit)
729 http cache @colors/colors@https://registry.npmjs.org/@colors/colors/-/colors-1.6.0.tgz 0ms (cache hit)
730 http cache @babel/types@https://registry.npmjs.org/@babel/types/-/types-7.28.4.tgz 0ms (cache hit)
731 http cache @babel/code-frame@https://registry.npmjs.org/@babel/code-frame/-/code-frame-7.27.1.tgz 0ms (cache hit)
732 http cache yocto-queue@https://registry.npmjs.org/yocto-queue/-/yocto-queue-1.2.1.tgz 0ms (cache hit)
733 http cache @bugsnag/safe-json-stringify@https://registry.npmjs.org/@bugsnag/safe-json-stringify/-/safe-json-stringify-6.1.0.tgz 0ms (cache hit)
734 http cache zip-stream@https://registry.npmjs.org/zip-stream/-/zip-stream-6.0.1.tgz 0ms (cache hit)
735 http cache zod@https://registry.npmjs.org/zod/-/zod-3.25.76.tgz 0ms (cache hit)
736 http cache yauzl@https://registry.npmjs.org/yauzl/-/yauzl-2.10.0.tgz 0ms (cache hit)
737 http cache yn@https://registry.npmjs.org/yn/-/yn-3.1.1.tgz 0ms (cache hit)
738 http cache yargs-parser@https://registry.npmjs.org/yargs-parser/-/yargs-parser-21.1.1.tgz 1ms (cache hit)
739 http cache xtend@https://registry.npmjs.org/xtend/-/xtend-4.0.2.tgz 0ms (cache hit)
740 http cache yargs@https://registry.npmjs.org/yargs/-/yargs-17.7.2.tgz 0ms (cache hit)
741 http cache @babel/helper-validator-identifier@https://registry.npmjs.org/@babel/helper-validator-identifier/-/helper-validator-identifier-7.27.1.tgz 0ms (cache hit)
742 http cache xss@https://registry.npmjs.org/xss/-/xss-1.0.15.tgz 0ms (cache hit)
743 http cache y18n@https://registry.npmjs.org/y18n/-/y18n-5.0.8.tgz 0ms (cache hit)
744 http cache yaml@https://registry.npmjs.org/yaml/-/yaml-2.8.1.tgz 0ms (cache hit)
745 http cache wsl-utils@https://registry.npmjs.org/wsl-utils/-/wsl-utils-0.1.0.tgz 0ms (cache hit)
746 http cache write-file-atomic@https://registry.npmjs.org/write-file-atomic/-/write-file-atomic-5.0.1.tgz 0ms (cache hit)
747 http cache wrappy@https://registry.npmjs.org/wrappy/-/wrappy-1.0.2.tgz 0ms (cache hit)
748 http cache wrap-ansi@https://registry.npmjs.org/wrap-ansi/-/wrap-ansi-9.0.2.tgz 0ms (cache hit)
749 http cache wrap-ansi-cjs@https://registry.npmjs.org/wrap-ansi/-/wrap-ansi-7.0.0.tgz 0ms (cache hit)
750 http cache winston@https://registry.npmjs.org/winston/-/winston-3.17.0.tgz 0ms (cache hit)
751 http cache ws@https://registry.npmjs.org/ws/-/ws-8.18.3.tgz 0ms (cache hit)
752 http cache windows-release@https://registry.npmjs.org/windows-release/-/windows-release-6.1.0.tgz 0ms (cache hit)
753 http cache which@https://registry.npmjs.org/which/-/which-2.0.2.tgz 0ms (cache hit)
754 http cache whatwg-url@https://registry.npmjs.org/whatwg-url/-/whatwg-url-5.0.0.tgz 0ms (cache hit)
755 http cache xdg-basedir@https://registry.npmjs.org/xdg-basedir/-/xdg-basedir-5.1.0.tgz 0ms (cache hit)
756 http cache widest-line@https://registry.npmjs.org/widest-line/-/widest-line-5.0.0.tgz 0ms (cache hit)
757 http cache when-exit@https://registry.npmjs.org/when-exit/-/when-exit-2.1.4.tgz 0ms (cache hit)
758 http cache webidl-conversions@https://registry.npmjs.org/webidl-conversions/-/webidl-conversions-3.0.1.tgz 0ms (cache hit)
759 http cache web-streams-polyfill@https://registry.npmjs.org/web-streams-polyfill/-/web-streams-polyfill-3.3.3.tgz 0ms (cache hit)
760 http cache wait-port@https://registry.npmjs.org/wait-port/-/wait-port-1.1.0.tgz 0ms (cache hit)
761 http cache vary@https://registry.npmjs.org/vary/-/vary-1.1.2.tgz 0ms (cache hit)
762 http cache winston-transport@https://registry.npmjs.org/winston-transport/-/winston-transport-4.9.0.tgz 1ms (cache hit)
763 http cache validate-npm-package-name@https://registry.npmjs.org/validate-npm-package-name/-/validate-npm-package-name-5.0.1.tgz 0ms (cache hit)
764 http cache v8-compile-cache-lib@https://registry.npmjs.org/v8-compile-cache-lib/-/v8-compile-cache-lib-3.0.1.tgz 0ms (cache hit)
765 http cache uuid@https://registry.npmjs.org/uuid/-/uuid-11.1.0.tgz 0ms (cache hit)
766 http cache utils-merge@https://registry.npmjs.org/utils-merge/-/utils-merge-1.0.1.tgz 0ms (cache hit)
767 http cache wcwidth@https://registry.npmjs.org/wcwidth/-/wcwidth-1.0.1.tgz 0ms (cache hit)
768 http cache validate-npm-package-license@https://registry.npmjs.org/validate-npm-package-license/-/validate-npm-package-license-3.0.4.tgz 0ms (cache hit)
769 http cache util-deprecate@https://registry.npmjs.org/util-deprecate/-/util-deprecate-1.0.2.tgz 0ms (cache hit)
770 http cache urlpattern-polyfill@https://registry.npmjs.org/urlpattern-polyfill/-/urlpattern-polyfill-8.0.2.tgz 1ms (cache hit)
771 http cache update-notifier@https://registry.npmjs.org/update-notifier/-/update-notifier-7.3.1.tgz 0ms (cache hit)
772 http cache untun@https://registry.npmjs.org/untun/-/untun-0.1.3.tgz 0ms (cache hit)
773 http cache untildify@https://registry.npmjs.org/untildify/-/untildify-4.0.0.tgz 0ms (cache hit)
774 http cache unstorage@https://registry.npmjs.org/unstorage/-/unstorage-1.17.1.tgz 0ms (cache hit)
775 http cache unpipe@https://registry.npmjs.org/unpipe/-/unpipe-1.0.0.tgz 0ms (cache hit)
776 http cache universal-user-agent@https://registry.npmjs.org/universal-user-agent/-/universal-user-agent-7.0.3.tgz 0ms (cache hit)
777 http cache uqr@https://registry.npmjs.org/uqr/-/uqr-0.1.2.tgz 0ms (cache hit)
778 http cache unixify@https://registry.npmjs.org/unixify/-/unixify-1.0.0.tgz 0ms (cache hit)
779 http cache uncrypto@https://registry.npmjs.org/uncrypto/-/uncrypto-0.1.3.tgz 0ms (cache hit)
780 http cache undici-types@https://registry.npmjs.org/undici-types/-/undici-types-6.21.0.tgz 0ms (cache hit)
781 http cache ulid@https://registry.npmjs.org/ulid/-/ulid-3.0.1.tgz 0ms (cache hit)
782 http cache uid-safe@https://registry.npmjs.org/uid-safe/-/uid-safe-2.1.5.tgz 0ms (cache hit)
783 http cache unicorn-magic@https://registry.npmjs.org/unicorn-magic/-/unicorn-magic-0.1.0.tgz 0ms (cache hit)
784 http cache unbzip2-stream@https://registry.npmjs.org/unbzip2-stream/-/unbzip2-stream-1.4.3.tgz 0ms (cache hit)
785 http cache typescript@https://registry.npmjs.org/typescript/-/typescript-5.8.3.tgz 0ms (cache hit)
786 http cache ufo@https://registry.npmjs.org/ufo/-/ufo-1.6.1.tgz 0ms (cache hit)
787 http cache type-fest@https://registry.npmjs.org/type-fest/-/type-fest-4.41.0.tgz 0ms (cache hit)
788 http cache type-is@https://registry.npmjs.org/type-is/-/type-is-1.6.18.tgz 0ms (cache hit)
789 http cache ts-api-utils@https://registry.npmjs.org/ts-api-utils/-/ts-api-utils-2.1.0.tgz 0ms (cache hit)
790 http cache ts-node@https://registry.npmjs.org/ts-node/-/ts-node-10.9.2.tgz 0ms (cache hit)
791 http cache triple-beam@https://registry.npmjs.org/triple-beam/-/triple-beam-1.4.1.tgz 0ms (cache hit)
792 http cache tslib@https://registry.npmjs.org/tslib/-/tslib-2.8.1.tgz 0ms (cache hit)
793 http cache toml@https://registry.npmjs.org/toml/-/toml-3.0.0.tgz 0ms (cache hit)
794 http cache token-types@https://registry.npmjs.org/token-types/-/token-types-5.0.1.tgz 0ms (cache hit)
795 http cache tomlify-j0.4@https://registry.npmjs.org/tomlify-j0.4/-/tomlify-j0.4-3.0.0.tgz 0ms (cache hit)
796 http cache trim-repeated@https://registry.npmjs.org/trim-repeated/-/trim-repeated-2.0.0.tgz 0ms (cache hit)
797 http cache tr46@https://registry.npmjs.org/tr46/-/tr46-0.0.3.tgz 0ms (cache hit)
798 http cache toad-cache@https://registry.npmjs.org/toad-cache/-/toad-cache-3.7.0.tgz 0ms (cache hit)
799 http cache to-regex-range@https://registry.npmjs.org/to-regex-range/-/to-regex-range-5.0.1.tgz 0ms (cache hit)
800 http cache toidentifier@https://registry.npmjs.org/toidentifier/-/toidentifier-1.0.1.tgz 0ms (cache hit)
801 http cache through2@https://registry.npmjs.org/through2/-/through2-2.0.5.tgz 0ms (cache hit)
802 http cache tmp-promise@https://registry.npmjs.org/tmp-promise/-/tmp-promise-3.0.3.tgz 0ms (cache hit)
803 http cache thread-stream@https://registry.npmjs.org/thread-stream/-/thread-stream-3.1.0.tgz 0ms (cache hit)
804 http cache through@https://registry.npmjs.org/through/-/through-2.3.8.tgz 0ms (cache hit)
805 http cache text-hex@https://registry.npmjs.org/text-hex/-/text-hex-1.0.0.tgz 0ms (cache hit)
806 http cache tmp@https://registry.npmjs.org/tmp/-/tmp-0.2.5.tgz 0ms (cache hit)
807 http cache tar-stream@https://registry.npmjs.org/tar-stream/-/tar-stream-3.1.7.tgz 0ms (cache hit)
808 http cache tar@https://registry.npmjs.org/tar/-/tar-7.5.1.tgz 0ms (cache hit)
809 http cache terminal-link@https://registry.npmjs.org/terminal-link/-/terminal-link-4.0.0.tgz 0ms (cache hit)
810 http cache system-architecture@https://registry.npmjs.org/system-architecture/-/system-architecture-0.1.0.tgz 1ms (cache hit)
811 http cache supports-hyperlinks@https://registry.npmjs.org/supports-hyperlinks/-/supports-hyperlinks-3.2.0.tgz 0ms (cache hit)
812 http cache text-decoder@https://registry.npmjs.org/text-decoder/-/text-decoder-1.2.3.tgz 0ms (cache hit)
813 http cache supports-preserve-symlinks-flag@https://registry.npmjs.org/supports-preserve-symlinks-flag/-/supports-preserve-symlinks-flag-1.0.0.tgz 0ms (cache hit)
814 http cache stubborn-fs@https://registry.npmjs.org/stubborn-fs/-/stubborn-fs-1.2.5.tgz 0ms (cache hit)
815 http cache strtok3@https://registry.npmjs.org/strtok3/-/strtok3-7.1.1.tgz 1ms (cache hit)
816 http cache supports-color@https://registry.npmjs.org/supports-color/-/supports-color-10.2.2.tgz 0ms (cache hit)
817 http cache svgo@https://registry.npmjs.org/svgo/-/svgo-4.0.0.tgz 0ms (cache hit)
818 http cache strip-ansi-cjs@https://registry.npmjs.org/strip-ansi/-/strip-ansi-6.0.1.tgz 0ms (cache hit)
819 http cache strip-dirs@https://registry.npmjs.org/strip-dirs/-/strip-dirs-3.0.0.tgz 0ms (cache hit)
820 http cache strip-final-newline@https://registry.npmjs.org/strip-final-newline/-/strip-final-newline-2.0.0.tgz 0ms (cache hit)
821 http cache strip-outer@https://registry.npmjs.org/strip-outer/-/strip-outer-2.0.0.tgz 0ms (cache hit)
822 http cache strip-ansi@https://registry.npmjs.org/strip-ansi/-/strip-ansi-7.1.2.tgz 0ms (cache hit)
823 http cache string-width@https://registry.npmjs.org/string-width/-/string-width-7.2.0.tgz 0ms (cache hit)
824 http cache string_decoder@https://registry.npmjs.org/string_decoder/-/string_decoder-1.3.0.tgz 0ms (cache hit)
825 http cache statuses@https://registry.npmjs.org/statuses/-/statuses-2.0.1.tgz 0ms (cache hit)
826 http cache streamx@https://registry.npmjs.org/streamx/-/streamx-2.23.0.tgz 0ms (cache hit)
827 http cache stackframe@https://registry.npmjs.org/stackframe/-/stackframe-1.3.4.tgz 0ms (cache hit)
828 http cache split2@https://registry.npmjs.org/split2/-/split2-1.1.1.tgz 0ms (cache hit)
829 http cache string-width-cjs@https://registry.npmjs.org/string-width/-/string-width-4.2.3.tgz 0ms (cache hit)
830 http cache std-env@https://registry.npmjs.org/std-env/-/std-env-3.9.0.tgz 0ms (cache hit)
831 http cache stack-generator@https://registry.npmjs.org/stack-generator/-/stack-generator-2.0.10.tgz 1ms (cache hit)
832 http cache spdx-license-ids@https://registry.npmjs.org/spdx-license-ids/-/spdx-license-ids-3.0.22.tgz 0ms (cache hit)
833 http cache stack-trace@https://registry.npmjs.org/stack-trace/-/stack-trace-0.0.10.tgz 0ms (cache hit)
834 http cache spdx-correct@https://registry.npmjs.org/spdx-correct/-/spdx-correct-3.2.0.tgz 0ms (cache hit)
835 http cache spdx-expression-parse@https://registry.npmjs.org/spdx-expression-parse/-/spdx-expression-parse-3.0.1.tgz 0ms (cache hit)
836 http cache spdx-exceptions@https://registry.npmjs.org/spdx-exceptions/-/spdx-exceptions-2.5.0.tgz 0ms (cache hit)
837 http cache sort-keys-length@https://registry.npmjs.org/sort-keys-length/-/sort-keys-length-1.0.1.tgz 0ms (cache hit)
838 http cache slice-ansi@https://registry.npmjs.org/slice-ansi/-/slice-ansi-7.1.2.tgz 0ms (cache hit)
839 http cache source-map@https://registry.npmjs.org/source-map/-/source-map-0.6.1.tgz 0ms (cache hit)
840 http cache source-map-support@https://registry.npmjs.org/source-map-support/-/source-map-support-0.5.21.tgz 0ms (cache hit)
841 http cache source-map-js@https://registry.npmjs.org/source-map-js/-/source-map-js-1.2.1.tgz 0ms (cache hit)
842 http cache sort-keys@https://registry.npmjs.org/sort-keys/-/sort-keys-1.1.2.tgz 0ms (cache hit)
843 http cache signal-exit@https://registry.npmjs.org/signal-exit/-/signal-exit-3.0.7.tgz 0ms (cache hit)
844 http cache sonic-boom@https://registry.npmjs.org/sonic-boom/-/sonic-boom-4.2.0.tgz 0ms (cache hit)
845 http cache slash@https://registry.npmjs.org/slash/-/slash-5.1.0.tgz 0ms (cache hit)
846 http cache simple-swizzle@https://registry.npmjs.org/simple-swizzle/-/simple-swizzle-0.2.4.tgz 0ms (cache hit)
847 http cache side-channel-weakmap@https://registry.npmjs.org/side-channel-weakmap/-/side-channel-weakmap-1.0.2.tgz 0ms (cache hit)
848 http cache slashes@https://registry.npmjs.org/slashes/-/slashes-3.0.12.tgz 0ms (cache hit)
849 http cache shebang-command@https://registry.npmjs.org/shebang-command/-/shebang-command-2.0.0.tgz 0ms (cache hit)
850 http cache side-channel-map@https://registry.npmjs.org/side-channel-map/-/side-channel-map-1.0.1.tgz 0ms (cache hit)
851 http cache side-channel-list@https://registry.npmjs.org/side-channel-list/-/side-channel-list-1.0.0.tgz 0ms (cache hit)
852 http cache side-channel@https://registry.npmjs.org/side-channel/-/side-channel-1.1.0.tgz 0ms (cache hit)
853 http cache set-error-message@https://registry.npmjs.org/set-error-message/-/set-error-message-2.0.1.tgz 0ms (cache hit)
854 http cache sharp@https://registry.npmjs.org/sharp/-/sharp-0.34.4.tgz 0ms (cache hit)
855 http cache shebang-regex@https://registry.npmjs.org/shebang-regex/-/shebang-regex-3.0.0.tgz 1ms (cache hit)
856 http cache send@https://registry.npmjs.org/send/-/send-0.19.0.tgz 0ms (cache hit)
857 http cache setprototypeof@https://registry.npmjs.org/setprototypeof/-/setprototypeof-1.2.0.tgz 0ms (cache hit)
858 http cache sax@https://registry.npmjs.org/sax/-/sax-1.4.1.tgz 0ms (cache hit)
859 http cache serve-static@https://registry.npmjs.org/serve-static/-/serve-static-1.16.2.tgz 0ms (cache hit)
860 http cache set-cookie-parser@https://registry.npmjs.org/set-cookie-parser/-/set-cookie-parser-2.7.1.tgz 1ms (cache hit)
861 http cache semver@https://registry.npmjs.org/semver/-/semver-7.7.2.tgz 0ms (cache hit)
862 http cache seek-bzip@https://registry.npmjs.org/seek-bzip/-/seek-bzip-1.0.6.tgz 0ms (cache hit)
863 http cache safe-regex2@https://registry.npmjs.org/safe-regex2/-/safe-regex2-3.1.0.tgz 0ms (cache hit)
864 http cache secure-json-parse@https://registry.npmjs.org/secure-json-parse/-/secure-json-parse-2.7.0.tgz 0ms (cache hit)
865 http cache safer-buffer@https://registry.npmjs.org/safer-buffer/-/safer-buffer-2.1.2.tgz 0ms (cache hit)
866 http cache safe-stable-stringify@https://registry.npmjs.org/safe-stable-stringify/-/safe-stable-stringify-2.5.0.tgz 0ms (cache hit)
867 http cache safe-buffer@https://registry.npmjs.org/safe-buffer/-/safe-buffer-5.2.1.tgz 0ms (cache hit)
868 http cache safe-json-stringify@https://registry.npmjs.org/safe-json-stringify/-/safe-json-stringify-1.2.0.tgz 0ms (cache hit)
869 http cache run-async@https://registry.npmjs.org/run-async/-/run-async-2.4.1.tgz 0ms (cache hit)
870 http cache rxjs@https://registry.npmjs.org/rxjs/-/rxjs-7.8.2.tgz 0ms (cache hit)
871 http cache run-parallel@https://registry.npmjs.org/run-parallel/-/run-parallel-1.2.0.tgz 0ms (cache hit)
872 http cache run-applescript@https://registry.npmjs.org/run-applescript/-/run-applescript-7.1.0.tgz 0ms (cache hit)
873 http cache rfdc@https://registry.npmjs.org/rfdc/-/rfdc-1.4.1.tgz 0ms (cache hit)
874 http cache rollup@https://registry.npmjs.org/rollup/-/rollup-4.52.2.tgz 0ms (cache hit)
875 http cache retry@https://registry.npmjs.org/retry/-/retry-0.13.1.tgz 0ms (cache hit)
876 http cache ret@https://registry.npmjs.org/ret/-/ret-0.4.3.tgz 0ms (cache hit)
877 http cache reusify@https://registry.npmjs.org/reusify/-/reusify-1.1.0.tgz 0ms (cache hit)
878 http cache restore-cursor@https://registry.npmjs.org/restore-cursor/-/restore-cursor-3.1.0.tgz 0ms (cache hit)
879 http cache responselike@https://registry.npmjs.org/responselike/-/responselike-3.0.0.tgz 0ms (cache hit)
880 http cache resolve-alpn@https://registry.npmjs.org/resolve-alpn/-/resolve-alpn-1.2.1.tgz 0ms (cache hit)
881 http cache resolve-from@https://registry.npmjs.org/resolve-from/-/resolve-from-5.0.0.tgz 0ms (cache hit)
882 http cache require-package-name@https://registry.npmjs.org/require-package-name/-/require-package-name-2.0.1.tgz 0ms (cache hit)
883 http cache resolve@https://registry.npmjs.org/resolve/-/resolve-2.0.0-next.5.tgz 0ms (cache hit)
884 http cache requires-port@https://registry.npmjs.org/requires-port/-/requires-port-1.0.0.tgz 0ms (cache hit)
885 http cache registry-url@https://registry.npmjs.org/registry-url/-/registry-url-6.0.1.tgz 0ms (cache hit)
886 http cache require-from-string@https://registry.npmjs.org/require-from-string/-/require-from-string-2.0.2.tgz 0ms (cache hit)
887 http cache require-directory@https://registry.npmjs.org/require-directory/-/require-directory-2.1.1.tgz 0ms (cache hit)
888 http cache remove-trailing-separator@https://registry.npmjs.org/remove-trailing-separator/-/remove-trailing-separator-1.1.0.tgz 0ms (cache hit)
889 http cache real-require@https://registry.npmjs.org/real-require/-/real-require-0.2.0.tgz 0ms (cache hit)
890 http cache registry-auth-token@https://registry.npmjs.org/registry-auth-token/-/registry-auth-token-5.1.0.tgz 0ms (cache hit)
891 http cache readdirp@https://registry.npmjs.org/readdirp/-/readdirp-4.1.2.tgz 0ms (cache hit)
892 http cache readdir-glob@https://registry.npmjs.org/readdir-glob/-/readdir-glob-1.1.3.tgz 0ms (cache hit)
893 http cache read-package-up@https://registry.npmjs.org/read-package-up/-/read-package-up-11.0.0.tgz 0ms (cache hit)
894 http cache readable-web-to-node-stream@https://registry.npmjs.org/readable-web-to-node-stream/-/readable-web-to-node-stream-3.0.4.tgz 0ms (cache hit)
895 http cache readable-stream@https://registry.npmjs.org/readable-stream/-/readable-stream-4.7.0.tgz 0ms (cache hit)
896 http cache read-pkg@https://registry.npmjs.org/read-pkg/-/read-pkg-9.0.1.tgz 0ms (cache hit)
897 http cache rc@https://registry.npmjs.org/rc/-/rc-1.2.8.tgz 0ms (cache hit)
898 http cache random-bytes@https://registry.npmjs.org/random-bytes/-/random-bytes-1.0.0.tgz 0ms (cache hit)
899 http cache range-parser@https://registry.npmjs.org/range-parser/-/range-parser-1.2.1.tgz 0ms (cache hit)
900 http cache raw-body@https://registry.npmjs.org/raw-body/-/raw-body-3.0.1.tgz 0ms (cache hit)
901 http cache quote-unquote@https://registry.npmjs.org/quote-unquote/-/quote-unquote-1.0.0.tgz 0ms (cache hit)
902 http cache quick-lru@https://registry.npmjs.org/quick-lru/-/quick-lru-5.1.1.tgz 0ms (cache hit)
903 http cache radix3@https://registry.npmjs.org/radix3/-/radix3-1.1.2.tgz 0ms (cache hit)
904 http cache queue-microtask@https://registry.npmjs.org/queue-microtask/-/queue-microtask-1.2.3.tgz 0ms (cache hit)
905 http cache quick-format-unescaped@https://registry.npmjs.org/quick-format-unescaped/-/quick-format-unescaped-4.0.4.tgz 0ms (cache hit)
906 http cache pupa@https://registry.npmjs.org/pupa/-/pupa-3.3.0.tgz 0ms (cache hit)
907 http cache qs@https://registry.npmjs.org/qs/-/qs-6.13.0.tgz 0ms (cache hit)
908 http cache pump@https://registry.npmjs.org/pump/-/pump-3.0.3.tgz 0ms (cache hit)
909 http cache ps-list@https://registry.npmjs.org/ps-list/-/ps-list-8.1.1.tgz 0ms (cache hit)
910 http cache proto-list@https://registry.npmjs.org/proto-list/-/proto-list-1.2.4.tgz 0ms (cache hit)
911 http cache proxy-addr@https://registry.npmjs.org/proxy-addr/-/proxy-addr-2.0.7.tgz 0ms (cache hit)
912 http cache process@https://registry.npmjs.org/process/-/process-0.11.10.tgz 0ms (cache hit)
913 http cache process-warning@https://registry.npmjs.org/process-warning/-/process-warning-3.0.0.tgz 0ms (cache hit)
914 http cache process-nextick-args@https://registry.npmjs.org/process-nextick-args/-/process-nextick-args-2.0.1.tgz 0ms (cache hit)
915 http cache prettyjson@https://registry.npmjs.org/prettyjson/-/prettyjson-1.2.5.tgz 0ms (cache hit)
916 http cache pretty-ms@https://registry.npmjs.org/pretty-ms/-/pretty-ms-9.3.0.tgz 0ms (cache hit)
917 http cache postcss-values-parser@https://registry.npmjs.org/postcss-values-parser/-/postcss-values-parser-6.0.2.tgz 0ms (cache hit)
918 http cache precond@https://registry.npmjs.org/precond/-/precond-0.2.3.tgz 0ms (cache hit)
919 http cache precinct@https://registry.npmjs.org/precinct/-/precinct-12.2.0.tgz 1ms (cache hit)
920 http cache postcss@https://registry.npmjs.org/postcss/-/postcss-8.5.6.tgz 0ms (cache hit)
921 http cache pino-std-serializers@https://registry.npmjs.org/pino-std-serializers/-/pino-std-serializers-7.0.0.tgz 0ms (cache hit)
922 http cache pkg-types@https://registry.npmjs.org/pkg-types/-/pkg-types-1.3.1.tgz 1ms (cache hit)
923 http cache picoquery@https://registry.npmjs.org/picoquery/-/picoquery-2.5.0.tgz 0ms (cache hit)
924 http cache pino-abstract-transport@https://registry.npmjs.org/pino-abstract-transport/-/pino-abstract-transport-2.0.0.tgz 0ms (cache hit)
925 http cache pino@https://registry.npmjs.org/pino/-/pino-9.11.0.tgz 0ms (cache hit)
926 http cache picocolors@https://registry.npmjs.org/picocolors/-/picocolors-1.1.1.tgz 0ms (cache hit)
927 http cache path-to-regexp@https://registry.npmjs.org/path-to-regexp/-/path-to-regexp-0.1.12.tgz 0ms (cache hit)
928 http cache picomatch@https://registry.npmjs.org/picomatch/-/picomatch-4.0.3.tgz 0ms (cache hit)
929 http cache path-type@https://registry.npmjs.org/path-type/-/path-type-6.0.0.tgz 0ms (cache hit)
930 http cache peek-readable@https://registry.npmjs.org/peek-readable/-/peek-readable-5.4.2.tgz 0ms (cache hit)
931 http cache path-key@https://registry.npmjs.org/path-key/-/path-key-4.0.0.tgz 0ms (cache hit)
932 http cache path-exists@https://registry.npmjs.org/path-exists/-/path-exists-5.0.0.tgz 0ms (cache hit)
933 http cache pend@https://registry.npmjs.org/pend/-/pend-1.2.0.tgz 0ms (cache hit)
934 http cache parse-ms@https://registry.npmjs.org/parse-ms/-/parse-ms-4.0.0.tgz 0ms (cache hit)
935 http cache parseurl@https://registry.npmjs.org/parseurl/-/parseurl-1.3.3.tgz 0ms (cache hit)
936 http cache path-parse@https://registry.npmjs.org/path-parse/-/path-parse-1.0.7.tgz 0ms (cache hit)
937 http cache pathe@https://registry.npmjs.org/pathe/-/pathe-2.0.3.tgz 0ms (cache hit)
938 http cache path-scurry@https://registry.npmjs.org/path-scurry/-/path-scurry-1.11.1.tgz 0ms (cache hit)
939 http cache parse-github-url@https://registry.npmjs.org/parse-github-url/-/parse-github-url-1.0.3.tgz 0ms (cache hit)
940 http cache parse-json@https://registry.npmjs.org/parse-json/-/parse-json-8.3.0.tgz 0ms (cache hit)
941 http cache parse-gitignore@https://registry.npmjs.org/parse-gitignore/-/parse-gitignore-2.0.0.tgz 0ms (cache hit)
942 http cache parallel-transform@https://registry.npmjs.org/parallel-transform/-/parallel-transform-1.2.0.tgz 0ms (cache hit)
943 http cache parse-imports@https://registry.npmjs.org/parse-imports/-/parse-imports-2.2.1.tgz 0ms (cache hit)
944 http cache package-directory@https://registry.npmjs.org/package-directory/-/package-directory-8.1.0.tgz 0ms (cache hit)
945 http cache package-json@https://registry.npmjs.org/package-json/-/package-json-10.0.1.tgz 0ms (cache hit)
946 http cache package-json-from-dist@https://registry.npmjs.org/package-json-from-dist/-/package-json-from-dist-1.0.1.tgz 0ms (cache hit)
947 http cache p-reduce@https://registry.npmjs.org/p-reduce/-/p-reduce-3.0.0.tgz 0ms (cache hit)
948 http cache p-retry@https://registry.npmjs.org/p-retry/-/p-retry-6.2.1.tgz 0ms (cache hit)
949 http cache p-locate@https://registry.npmjs.org/p-locate/-/p-locate-6.0.0.tgz 0ms (cache hit)
950 http cache p-wait-for@https://registry.npmjs.org/p-wait-for/-/p-wait-for-5.0.2.tgz 0ms (cache hit)
951 http cache p-map@https://registry.npmjs.org/p-map/-/p-map-7.0.3.tgz 0ms (cache hit)
952 http cache p-filter@https://registry.npmjs.org/p-filter/-/p-filter-4.1.0.tgz 0ms (cache hit)
953 http cache p-event@https://registry.npmjs.org/p-event/-/p-event-6.0.1.tgz 0ms (cache hit)
954 http cache p-cancelable@https://registry.npmjs.org/p-cancelable/-/p-cancelable-3.0.0.tgz 0ms (cache hit)
955 http cache p-limit@https://registry.npmjs.org/p-limit/-/p-limit-4.0.0.tgz 0ms (cache hit)
956 http cache open@https://registry.npmjs.org/open/-/open-10.2.0.tgz 0ms (cache hit)
957 http cache os-name@https://registry.npmjs.org/os-name/-/os-name-6.1.0.tgz 0ms (cache hit)
958 http cache ora@https://registry.npmjs.org/ora/-/ora-5.4.1.tgz 0ms (cache hit)
959 http cache one-time@https://registry.npmjs.org/one-time/-/one-time-1.0.0.tgz 0ms (cache hit)
960 http cache onetime@https://registry.npmjs.org/onetime/-/onetime-5.1.2.tgz 0ms (cache hit)
961 http cache on-headers@https://registry.npmjs.org/on-headers/-/on-headers-1.1.0.tgz 0ms (cache hit)
962 http cache on-finished@https://registry.npmjs.org/on-finished/-/on-finished-2.4.1.tgz 0ms (cache hit)
963 http cache on-exit-leak-free@https://registry.npmjs.org/on-exit-leak-free/-/on-exit-leak-free-2.1.2.tgz 0ms (cache hit)
964 http cache omit.js@https://registry.npmjs.org/omit.js/-/omit.js-2.0.2.tgz 0ms (cache hit)
965 http cache object-inspect@https://registry.npmjs.org/object-inspect/-/object-inspect-1.13.4.tgz 0ms (cache hit)
966 http cache once@https://registry.npmjs.org/once/-/once-1.4.0.tgz 0ms (cache hit)
967 http cache nth-check@https://registry.npmjs.org/nth-check/-/nth-check-2.1.1.tgz 0ms (cache hit)
968 http cache ofetch@https://registry.npmjs.org/ofetch/-/ofetch-1.4.1.tgz 0ms (cache hit)
969 http cache npm-run-path@https://registry.npmjs.org/npm-run-path/-/npm-run-path-4.0.1.tgz 0ms (cache hit)
970 http cache normalize-url@https://registry.npmjs.org/normalize-url/-/normalize-url-8.1.0.tgz 0ms (cache hit)
971 http cache normalize-path@https://registry.npmjs.org/normalize-path/-/normalize-path-3.0.0.tgz 0ms (cache hit)
972 http cache normalize-exception@https://registry.npmjs.org/normalize-exception/-/normalize-exception-3.0.0.tgz 0ms (cache hit)
973 http cache node-gyp-build@https://registry.npmjs.org/node-gyp-build/-/node-gyp-build-4.8.4.tgz 0ms (cache hit)
974 http cache normalize-package-data@https://registry.npmjs.org/normalize-package-data/-/normalize-package-data-7.0.1.tgz 0ms (cache hit)
975 http cache nopt@https://registry.npmjs.org/nopt/-/nopt-8.1.0.tgz 0ms (cache hit)
976 http cache node-source-walk@https://registry.npmjs.org/node-source-walk/-/node-source-walk-7.0.1.tgz 0ms (cache hit)
977 http cache node-stream-zip@https://registry.npmjs.org/node-stream-zip/-/node-stream-zip-1.15.0.tgz 0ms (cache hit)
978 http cache node-forge@https://registry.npmjs.org/node-forge/-/node-forge-1.3.1.tgz 0ms (cache hit)
979 http cache node-mock-http@https://registry.npmjs.org/node-mock-http/-/node-mock-http-1.0.3.tgz 0ms (cache hit)
980 http cache node-fetch@https://registry.npmjs.org/node-fetch/-/node-fetch-3.3.2.tgz 0ms (cache hit)
981 http cache node-fetch-native@https://registry.npmjs.org/node-fetch-native/-/node-fetch-native-1.6.7.tgz 0ms (cache hit)
982 http cache netlify-redirector@https://registry.npmjs.org/netlify-redirector/-/netlify-redirector-0.5.0.tgz 0ms (cache hit)
983 http cache node-domexception@https://registry.npmjs.org/node-domexception/-/node-domexception-1.0.0.tgz 0ms (cache hit)
984 http cache node-addon-api@https://registry.npmjs.org/node-addon-api/-/node-addon-api-7.1.1.tgz 0ms (cache hit)
985 http cache nanospinner@https://registry.npmjs.org/nanospinner/-/nanospinner-1.2.2.tgz 0ms (cache hit)
986 http cache negotiator@https://registry.npmjs.org/negotiator/-/negotiator-0.6.3.tgz 0ms (cache hit)
987 http cache multiparty@https://registry.npmjs.org/multiparty/-/multiparty-4.2.3.tgz 0ms (cache hit)
988 http cache nanoid@https://registry.npmjs.org/nanoid/-/nanoid-3.3.11.tgz 0ms (cache hit)
989 http cache mute-stream@https://registry.npmjs.org/mute-stream/-/mute-stream-0.0.8.tgz 0ms (cache hit)
990 http cache move-file@https://registry.npmjs.org/move-file/-/move-file-3.1.0.tgz 0ms (cache hit)
991 http cache ms@https://registry.npmjs.org/ms/-/ms-2.1.3.tgz 0ms (cache hit)
992 http cache module-definition@https://registry.npmjs.org/module-definition/-/module-definition-6.0.1.tgz 0ms (cache hit)
993 http cache moize@https://registry.npmjs.org/moize/-/moize-6.1.6.tgz 0ms (cache hit)
994 http cache minipass@https://registry.npmjs.org/minipass/-/minipass-7.1.2.tgz 0ms (cache hit)
995 http cache mimic-response@https://registry.npmjs.org/mimic-response/-/mimic-response-4.0.0.tgz 0ms (cache hit)
996 http cache mlly@https://registry.npmjs.org/mlly/-/mlly-1.8.0.tgz 0ms (cache hit)
997 http cache minizlib@https://registry.npmjs.org/minizlib/-/minizlib-3.1.0.tgz 0ms (cache hit)
998 http cache mimic-function@https://registry.npmjs.org/mimic-function/-/mimic-function-5.0.1.tgz 0ms (cache hit)
999 http cache minimist@https://registry.npmjs.org/minimist/-/minimist-1.2.8.tgz 0ms (cache hit)
1000 http cache minimatch@https://registry.npmjs.org/minimatch/-/minimatch-9.0.5.tgz 0ms (cache hit)
1001 http cache mimic-fn@https://registry.npmjs.org/mimic-fn/-/mimic-fn-4.0.0.tgz 0ms (cache hit)
1002 http cache mime-db@https://registry.npmjs.org/mime-db/-/mime-db-1.54.0.tgz 0ms (cache hit)
1003 http cache micro-memoize@https://registry.npmjs.org/micro-memoize/-/micro-memoize-4.1.3.tgz 0ms (cache hit)
1004 http cache mime-types@https://registry.npmjs.org/mime-types/-/mime-types-2.1.35.tgz 0ms (cache hit)
1005 http cache micromatch@https://registry.npmjs.org/micromatch/-/micromatch-4.0.8.tgz 0ms (cache hit)
1006 http cache mime@https://registry.npmjs.org/mime/-/mime-3.0.0.tgz 0ms (cache hit)
1007 http cache merge-stream@https://registry.npmjs.org/merge-stream/-/merge-stream-2.0.0.tgz 0ms (cache hit)
1008 http cache merge2@https://registry.npmjs.org/merge2/-/merge2-1.4.1.tgz 1ms (cache hit)
1009 http cache merge-descriptors@https://registry.npmjs.org/merge-descriptors/-/merge-descriptors-1.0.3.tgz 0ms (cache hit)
1010 http cache methods@https://registry.npmjs.org/methods/-/methods-1.1.2.tgz 0ms (cache hit)
1011 http cache merge-options@https://registry.npmjs.org/merge-options/-/merge-options-3.0.4.tgz 0ms (cache hit)
1012 http cache memoize-one@https://registry.npmjs.org/memoize-one/-/memoize-one-6.0.0.tgz 0ms (cache hit)
1013 http cache maxstache-stream@https://registry.npmjs.org/maxstache-stream/-/maxstache-stream-1.0.4.tgz 0ms (cache hit)
1014 http cache media-typer@https://registry.npmjs.org/media-typer/-/media-typer-0.3.0.tgz 0ms (cache hit)
1015 http cache mdn-data@https://registry.npmjs.org/mdn-data/-/mdn-data-2.12.2.tgz 0ms (cache hit)
1016 http cache math-intrinsics@https://registry.npmjs.org/math-intrinsics/-/math-intrinsics-1.1.0.tgz 0ms (cache hit)
1017 http cache maxstache@https://registry.npmjs.org/maxstache/-/maxstache-1.0.7.tgz 1ms (cache hit)
1018 http cache make-dir@https://registry.npmjs.org/make-dir/-/make-dir-4.0.0.tgz 0ms (cache hit)
1019 http cache make-error@https://registry.npmjs.org/make-error/-/make-error-1.3.6.tgz 0ms (cache hit)
1020 http cache luxon@https://registry.npmjs.org/luxon/-/luxon-3.7.2.tgz 0ms (cache hit)
1021 http cache map-obj@https://registry.npmjs.org/map-obj/-/map-obj-5.0.2.tgz 0ms (cache hit)
1022 http cache magic-string@https://registry.npmjs.org/magic-string/-/magic-string-0.30.19.tgz 0ms (cache hit)
1023 http cache macos-release@https://registry.npmjs.org/macos-release/-/macos-release-3.4.0.tgz 0ms (cache hit)
1024 http cache log-update@https://registry.npmjs.org/log-update/-/log-update-6.1.0.tgz 0ms (cache hit)
1025 http cache logform@https://registry.npmjs.org/logform/-/logform-2.7.0.tgz 0ms (cache hit)
1026 http cache lowercase-keys@https://registry.npmjs.org/lowercase-keys/-/lowercase-keys-3.0.0.tgz 0ms (cache hit)
1027 http cache log-process-errors@https://registry.npmjs.org/log-process-errors/-/log-process-errors-11.0.1.tgz 0ms (cache hit)
1028 http cache log-symbols@https://registry.npmjs.org/log-symbols/-/log-symbols-4.1.0.tgz 0ms (cache hit)
1029 http cache lodash.isstring@https://registry.npmjs.org/lodash.isstring/-/lodash.isstring-4.0.1.tgz 0ms (cache hit)
1030 http cache lodash.once@https://registry.npmjs.org/lodash.once/-/lodash.once-4.1.1.tgz 0ms (cache hit)
1031 http cache lodash@https://registry.npmjs.org/lodash/-/lodash-4.17.21.tgz 0ms (cache hit)
1032 http cache lodash.transform@https://registry.npmjs.org/lodash.transform/-/lodash.transform-4.6.0.tgz 0ms (cache hit)
1033 http cache lodash.isplainobject@https://registry.npmjs.org/lodash.isplainobject/-/lodash.isplainobject-4.0.6.tgz 0ms (cache hit)
1034 http cache lodash.isinteger@https://registry.npmjs.org/lodash.isinteger/-/lodash.isinteger-4.0.4.tgz 0ms (cache hit)
1035 http cache lodash.isnumber@https://registry.npmjs.org/lodash.isnumber/-/lodash.isnumber-3.0.3.tgz 0ms (cache hit)
1036 http cache lodash.isempty@https://registry.npmjs.org/lodash.isempty/-/lodash.isempty-4.4.0.tgz 0ms (cache hit)
1037 http cache lodash.isboolean@https://registry.npmjs.org/lodash.isboolean/-/lodash.isboolean-3.0.3.tgz 0ms (cache hit)
1038 http cache lodash.includes@https://registry.npmjs.org/lodash.includes/-/lodash.includes-4.3.0.tgz 0ms (cache hit)
1039 http cache leven@https://registry.npmjs.org/leven/-/leven-3.1.0.tgz 0ms (cache hit)
1040 http cache listhen@https://registry.npmjs.org/listhen/-/listhen-1.9.0.tgz 0ms (cache hit)
1041 http cache locate-path@https://registry.npmjs.org/locate-path/-/locate-path-7.2.0.tgz 0ms (cache hit)
1042 http cache light-my-request@https://registry.npmjs.org/light-my-request/-/light-my-request-5.14.0.tgz 0ms (cache hit)
1043 http cache lambda-local@https://registry.npmjs.org/lambda-local/-/lambda-local-2.2.0.tgz 0ms (cache hit)
1044 http cache lazystream@https://registry.npmjs.org/lazystream/-/lazystream-1.0.1.tgz 0ms (cache hit)
1045 http cache kuler@https://registry.npmjs.org/kuler/-/kuler-2.0.0.tgz 0ms (cache hit)
1046 http cache latest-version@https://registry.npmjs.org/latest-version/-/latest-version-9.0.0.tgz 0ms (cache hit)
1047 http cache keyv@https://registry.npmjs.org/keyv/-/keyv-4.5.4.tgz 0ms (cache hit)
1048 http cache kind-of@https://registry.npmjs.org/kind-of/-/kind-of-6.0.3.tgz 0ms (cache hit)
1049 http cache jws@https://registry.npmjs.org/jws/-/jws-3.2.2.tgz 0ms (cache hit)
1050 http cache keep-func-props@https://registry.npmjs.org/keep-func-props/-/keep-func-props-6.0.0.tgz 0ms (cache hit)
1051 http cache jwa@https://registry.npmjs.org/jwa/-/jwa-1.4.2.tgz 0ms (cache hit)
1052 http cache jwt-decode@https://registry.npmjs.org/jwt-decode/-/jwt-decode-4.0.0.tgz 0ms (cache hit)
1053 http cache ky@https://registry.npmjs.org/ky/-/ky-1.10.0.tgz 0ms (cache hit)
1054 http cache jsonpointer@https://registry.npmjs.org/jsonpointer/-/jsonpointer-5.0.1.tgz 0ms (cache hit)
1055 http cache json-schema-traverse@https://registry.npmjs.org/json-schema-traverse/-/json-schema-traverse-1.0.0.tgz 0ms (cache hit)
1056 http cache junk@https://registry.npmjs.org/junk/-/junk-4.0.1.tgz 0ms (cache hit)
1057 http cache jsonwebtoken@https://registry.npmjs.org/jsonwebtoken/-/jsonwebtoken-9.0.2.tgz 0ms (cache hit)
1058 http cache json-schema-ref-resolver@https://registry.npmjs.org/json-schema-ref-resolver/-/json-schema-ref-resolver-1.0.1.tgz 0ms (cache hit)
1059 http cache js-tokens@https://registry.npmjs.org/js-tokens/-/js-tokens-4.0.0.tgz 0ms (cache hit)
1060 http cache json-buffer@https://registry.npmjs.org/json-buffer/-/json-buffer-3.0.1.tgz 0ms (cache hit)
1061 http cache jiti@https://registry.npmjs.org/jiti/-/jiti-2.6.0.tgz 0ms (cache hit)
1062 http cache jpeg-js@https://registry.npmjs.org/jpeg-js/-/jpeg-js-0.4.4.tgz 0ms (cache hit)
1063 http cache js-image-generator@https://registry.npmjs.org/js-image-generator/-/js-image-generator-1.0.4.tgz 0ms (cache hit)
1064 http cache isexe@https://registry.npmjs.org/isexe/-/isexe-3.1.1.tgz 0ms (cache hit)
1065 http cache isarray@https://registry.npmjs.org/isarray/-/isarray-1.0.0.tgz 0ms (cache hit)
1066 http cache is-url-superb@https://registry.npmjs.org/is-url-superb/-/is-url-superb-4.0.0.tgz 0ms (cache hit)
1067 http cache jackspeak@https://registry.npmjs.org/jackspeak/-/jackspeak-3.4.3.tgz 0ms (cache hit)
1068 http cache is64bit@https://registry.npmjs.org/is64bit/-/is64bit-2.0.0.tgz 0ms (cache hit)
1069 http cache iserror@https://registry.npmjs.org/iserror/-/iserror-0.0.2.tgz 0ms (cache hit)
1070 http cache is-wsl@https://registry.npmjs.org/is-wsl/-/is-wsl-3.1.0.tgz 0ms (cache hit)
1071 http cache is-unicode-supported@https://registry.npmjs.org/is-unicode-supported/-/is-unicode-supported-2.1.0.tgz 0ms (cache hit)
1072 http cache is-url@https://registry.npmjs.org/is-url/-/is-url-1.2.4.tgz 0ms (cache hit)
1073 http cache is-stream@https://registry.npmjs.org/is-stream/-/is-stream-4.0.1.tgz 0ms (cache hit)
1074 http cache is-plain-obj@https://registry.npmjs.org/is-plain-obj/-/is-plain-obj-4.1.0.tgz 0ms (cache hit)
1075 http cache is-number@https://registry.npmjs.org/is-number/-/is-number-7.0.0.tgz 0ms (cache hit)
1076 http cache is-npm@https://registry.npmjs.org/is-npm/-/is-npm-6.1.0.tgz 0ms (cache hit)
1077 http cache is-path-inside@https://registry.npmjs.org/is-path-inside/-/is-path-inside-4.0.0.tgz 0ms (cache hit)
1078 http cache is-interactive@https://registry.npmjs.org/is-interactive/-/is-interactive-1.0.0.tgz 0ms (cache hit)
1079 http cache is-network-error@https://registry.npmjs.org/is-network-error/-/is-network-error-1.3.0.tgz 0ms (cache hit)
1080 http cache is-in-ci@https://registry.npmjs.org/is-in-ci/-/is-in-ci-1.0.0.tgz 0ms (cache hit)
1081 http cache is-installed-globally@https://registry.npmjs.org/is-installed-globally/-/is-installed-globally-1.0.0.tgz 0ms (cache hit)
1082 http cache is-extglob@https://registry.npmjs.org/is-extglob/-/is-extglob-2.1.1.tgz 0ms (cache hit)
1083 http cache is-inside-container@https://registry.npmjs.org/is-inside-container/-/is-inside-container-1.0.0.tgz 0ms (cache hit)
1084 http cache iron-webcrypto@https://registry.npmjs.org/iron-webcrypto/-/iron-webcrypto-1.2.1.tgz 0ms (cache hit)
1085 http cache is-glob@https://registry.npmjs.org/is-glob/-/is-glob-4.0.3.tgz 0ms (cache hit)
1086 http cache is-docker@https://registry.npmjs.org/is-docker/-/is-docker-3.0.0.tgz 0ms (cache hit)
1087 http cache is-fullwidth-code-point@https://registry.npmjs.org/is-fullwidth-code-point/-/is-fullwidth-code-point-5.1.0.tgz 0ms (cache hit)
1088 http cache is-error-instance@https://registry.npmjs.org/is-error-instance/-/is-error-instance-2.0.0.tgz 0ms (cache hit)
1089 http cache is-core-module@https://registry.npmjs.org/is-core-module/-/is-core-module-2.16.1.tgz 0ms (cache hit)
1090 http cache is-arrayish@https://registry.npmjs.org/is-arrayish/-/is-arrayish-0.3.4.tgz 0ms (cache hit)
1091 http cache ipx@https://registry.npmjs.org/ipx/-/ipx-3.1.1.tgz 0ms (cache hit)
1092 http cache inquirer-autocomplete-prompt@https://registry.npmjs.org/inquirer-autocomplete-prompt/-/inquirer-autocomplete-prompt-1.4.0.tgz 0ms (cache hit)
1093 http cache inspect-with-kind@https://registry.npmjs.org/inspect-with-kind/-/inspect-with-kind-1.0.5.tgz 0ms (cache hit)
1094 http cache ini@https://registry.npmjs.org/ini/-/ini-1.3.8.tgz 0ms (cache hit)
1095 http cache ipaddr.js@https://registry.npmjs.org/ipaddr.js/-/ipaddr.js-1.9.1.tgz 0ms (cache hit)
1096 http cache inquirer@https://registry.npmjs.org/inquirer/-/inquirer-8.2.7.tgz 0ms (cache hit)
1097 http cache index-to-position@https://registry.npmjs.org/index-to-position/-/index-to-position-1.2.0.tgz 0ms (cache hit)
1098 http cache indent-string@https://registry.npmjs.org/indent-string/-/indent-string-5.0.0.tgz 0ms (cache hit)
1099 http cache inherits@https://registry.npmjs.org/inherits/-/inherits-2.0.4.tgz 0ms (cache hit)
1100 http cache image-size@https://registry.npmjs.org/image-size/-/image-size-2.0.2.tgz 0ms (cache hit)
1101 http cache imurmurhash@https://registry.npmjs.org/imurmurhash/-/imurmurhash-0.1.4.tgz 0ms (cache hit)
1102 http cache image-meta@https://registry.npmjs.org/image-meta/-/image-meta-0.2.1.tgz 0ms (cache hit)
1103 http cache https-proxy-agent@https://registry.npmjs.org/https-proxy-agent/-/https-proxy-agent-7.0.6.tgz 0ms (cache hit)
1104 http cache ieee754@https://registry.npmjs.org/ieee754/-/ieee754-1.2.1.tgz 0ms (cache hit)
1105 http cache human-signals@https://registry.npmjs.org/human-signals/-/human-signals-2.1.0.tgz 0ms (cache hit)
1106 http cache http2-wrapper@https://registry.npmjs.org/http2-wrapper/-/http2-wrapper-2.2.1.tgz 0ms (cache hit)
1107 http cache http-shutdown@https://registry.npmjs.org/http-shutdown/-/http-shutdown-1.2.2.tgz 0ms (cache hit)
1108 http cache http-proxy-middleware@https://registry.npmjs.org/http-proxy-middleware/-/http-proxy-middleware-2.0.9.tgz 0ms (cache hit)
1109 http cache http-proxy@https://registry.npmjs.org/http-proxy/-/http-proxy-1.18.1.tgz 0ms (cache hit)
1110 http cache http-errors@https://registry.npmjs.org/http-errors/-/http-errors-2.0.0.tgz 0ms (cache hit)
1111 http cache http-cache-semantics@https://registry.npmjs.org/http-cache-semantics/-/http-cache-semantics-4.2.0.tgz 0ms (cache hit)
1112 http cache hot-shots@https://registry.npmjs.org/hot-shots/-/hot-shots-11.1.0.tgz 0ms (cache hit)
1113 http cache gopd@https://registry.npmjs.org/gopd/-/gopd-1.2.0.tgz 0ms (cache hit)
1114 http cache hasown@https://registry.npmjs.org/hasown/-/hasown-2.0.2.tgz 0ms (cache hit)
1115 http cache hosted-git-info@https://registry.npmjs.org/hosted-git-info/-/hosted-git-info-8.1.0.tgz 0ms (cache hit)
1116 http cache has-symbols@https://registry.npmjs.org/has-symbols/-/has-symbols-1.1.0.tgz 0ms (cache hit)
1117 http cache has-flag@https://registry.npmjs.org/has-flag/-/has-flag-4.0.0.tgz 0ms (cache hit)
1118 http cache graceful-fs@https://registry.npmjs.org/graceful-fs/-/graceful-fs-4.2.11.tgz 0ms (cache hit)
1119 http cache h3@https://registry.npmjs.org/h3/-/h3-1.15.4.tgz 0ms (cache hit)
1120 http cache gonzales-pe@https://registry.npmjs.org/gonzales-pe/-/gonzales-pe-4.3.0.tgz 0ms (cache hit)
1121 http cache got@https://registry.npmjs.org/got/-/got-12.6.1.tgz 0ms (cache hit)
1122 http cache glob@https://registry.npmjs.org/glob/-/glob-10.4.5.tgz 0ms (cache hit)
1123 http cache globby@https://registry.npmjs.org/globby/-/globby-14.1.0.tgz 0ms (cache hit)
1124 http cache global-directory@https://registry.npmjs.org/global-directory/-/global-directory-4.0.1.tgz 0ms (cache hit)
1125 http cache gitconfiglocal@https://registry.npmjs.org/gitconfiglocal/-/gitconfiglocal-2.1.0.tgz 0ms (cache hit)
1126 http cache gh-release-fetch@https://registry.npmjs.org/gh-release-fetch/-/gh-release-fetch-4.0.3.tgz 0ms (cache hit)
1127 http cache git-repo-info@https://registry.npmjs.org/git-repo-info/-/git-repo-info-2.1.1.tgz 0ms (cache hit)
1128 http cache get-stream@https://registry.npmjs.org/get-stream/-/get-stream-9.0.1.tgz 0ms (cache hit)
1129 http cache get-port-please@https://registry.npmjs.org/get-port-please/-/get-port-please-3.2.0.tgz 0ms (cache hit)
1130 http cache get-proto@https://registry.npmjs.org/get-proto/-/get-proto-1.0.1.tgz 0ms (cache hit)
1131 http cache get-east-asian-width@https://registry.npmjs.org/get-east-asian-width/-/get-east-asian-width-1.4.0.tgz 0ms (cache hit)
1132 http cache get-port@https://registry.npmjs.org/get-port/-/get-port-5.1.1.tgz 0ms (cache hit)
1133 http cache get-intrinsic@https://registry.npmjs.org/get-intrinsic/-/get-intrinsic-1.3.0.tgz 0ms (cache hit)
1134 http cache get-amd-module-type@https://registry.npmjs.org/get-amd-module-type/-/get-amd-module-type-6.0.1.tgz 0ms (cache hit)
1135 http cache fuzzy@https://registry.npmjs.org/fuzzy/-/fuzzy-0.1.3.tgz 0ms (cache hit)
1136 http cache get-caller-file@https://registry.npmjs.org/get-caller-file/-/get-caller-file-2.0.5.tgz 0ms (cache hit)
1137 http cache function-bind@https://registry.npmjs.org/function-bind/-/function-bind-1.1.2.tgz 0ms (cache hit)
1138 http cache from2@https://registry.npmjs.org/from2/-/from2-2.3.0.tgz 0ms (cache hit)
1139 http cache forwarded@https://registry.npmjs.org/forwarded/-/forwarded-0.2.0.tgz 0ms (cache hit)
1140 http cache form-data-encoder@https://registry.npmjs.org/form-data-encoder/-/form-data-encoder-2.1.4.tgz 0ms (cache hit)
1141 http cache formdata-polyfill@https://registry.npmjs.org/formdata-polyfill/-/formdata-polyfill-4.0.10.tgz 0ms (cache hit)
1142 http cache fresh@https://registry.npmjs.org/fresh/-/fresh-0.5.2.tgz 0ms (cache hit)
1143 http cache foreground-child@https://registry.npmjs.org/foreground-child/-/foreground-child-3.3.1.tgz 0ms (cache hit)
1144 http cache fn.name@https://registry.npmjs.org/fn.name/-/fn.name-1.1.0.tgz 0ms (cache hit)
1145 http cache find-up@https://registry.npmjs.org/find-up/-/find-up-7.0.0.tgz 0ms (cache hit)
1146 http cache find-my-way@https://registry.npmjs.org/find-my-way/-/find-my-way-8.2.2.tgz 0ms (cache hit)
1147 http cache find-up-simple@https://registry.npmjs.org/find-up-simple/-/find-up-simple-1.0.1.tgz 0ms (cache hit)
1148 http cache follow-redirects@https://registry.npmjs.org/follow-redirects/-/follow-redirects-1.15.11.tgz 0ms (cache hit)
1149 http cache folder-walker@https://registry.npmjs.org/folder-walker/-/folder-walker-3.2.0.tgz 0ms (cache hit)
1150 http cache finalhandler@https://registry.npmjs.org/finalhandler/-/finalhandler-1.3.1.tgz 0ms (cache hit)
1151 http cache filter-obj@https://registry.npmjs.org/filter-obj/-/filter-obj-6.1.0.tgz 0ms (cache hit)
1152 http cache fill-range@https://registry.npmjs.org/fill-range/-/fill-range-7.1.1.tgz 0ms (cache hit)
1153 http cache filenamify@https://registry.npmjs.org/filenamify/-/filenamify-5.1.1.tgz 0ms (cache hit)
1154 http cache file-uri-to-path@https://registry.npmjs.org/file-uri-to-path/-/file-uri-to-path-1.0.0.tgz 0ms (cache hit)
1155 http cache filename-reserved-regex@https://registry.npmjs.org/filename-reserved-regex/-/filename-reserved-regex-3.0.0.tgz 0ms (cache hit)
1156 http cache figures@https://registry.npmjs.org/figures/-/figures-6.1.0.tgz 0ms (cache hit)
1157 http cache file-type@https://registry.npmjs.org/file-type/-/file-type-18.7.0.tgz 0ms (cache hit)
1158 http cache fetch-blob@https://registry.npmjs.org/fetch-blob/-/fetch-blob-3.2.0.tgz 0ms (cache hit)
1159 http cache fdir@https://registry.npmjs.org/fdir/-/fdir-6.5.0.tgz 0ms (cache hit)
1160 http cache fecha@https://registry.npmjs.org/fecha/-/fecha-4.2.3.tgz 0ms (cache hit)
1161 http cache fd-slicer@https://registry.npmjs.org/fd-slicer/-/fd-slicer-1.1.0.tgz 0ms (cache hit)
1162 http cache fastify@https://registry.npmjs.org/fastify/-/fastify-4.29.1.tgz 0ms (cache hit)
1163 http cache fastq@https://registry.npmjs.org/fastq/-/fastq-1.19.1.tgz 0ms (cache hit)
1164 http cache fastify-plugin@https://registry.npmjs.org/fastify-plugin/-/fastify-plugin-4.5.1.tgz 0ms (cache hit)
1165 http cache fastest-levenshtein@https://registry.npmjs.org/fastest-levenshtein/-/fastest-levenshtein-1.0.16.tgz 0ms (cache hit)
1166 http cache fast-redact@https://registry.npmjs.org/fast-redact/-/fast-redact-3.5.0.tgz 0ms (cache hit)
1167 http cache fast-uri@https://registry.npmjs.org/fast-uri/-/fast-uri-3.1.0.tgz 0ms (cache hit)
1168 http cache fast-safe-stringify@https://registry.npmjs.org/fast-safe-stringify/-/fast-safe-stringify-2.1.1.tgz 0ms (cache hit)
1169 http cache fast-querystring@https://registry.npmjs.org/fast-querystring/-/fast-querystring-1.1.2.tgz 0ms (cache hit)
1170 http cache fast-glob@https://registry.npmjs.org/fast-glob/-/fast-glob-3.3.3.tgz 0ms (cache hit)
1171 http cache fast-json-stringify@https://registry.npmjs.org/fast-json-stringify/-/fast-json-stringify-5.16.1.tgz 0ms (cache hit)
1172 http cache fast-deep-equal@https://registry.npmjs.org/fast-deep-equal/-/fast-deep-equal-3.1.3.tgz 0ms (cache hit)
1173 http cache fast-fifo@https://registry.npmjs.org/fast-fifo/-/fast-fifo-1.3.2.tgz 0ms (cache hit)
1174 http cache fast-equals@https://registry.npmjs.org/fast-equals/-/fast-equals-3.0.3.tgz 0ms (cache hit)
1175 http cache fast-decode-uri-component@https://registry.npmjs.org/fast-decode-uri-component/-/fast-decode-uri-component-1.0.1.tgz 0ms (cache hit)
1176 http cache express@https://registry.npmjs.org/express/-/express-4.21.2.tgz 0ms (cache hit)
1177 http cache fast-content-type-parse@https://registry.npmjs.org/fast-content-type-parse/-/fast-content-type-parse-3.0.0.tgz 0ms (cache hit)
1178 http cache extract-zip@https://registry.npmjs.org/extract-zip/-/extract-zip-2.0.1.tgz 0ms (cache hit)
1179 http cache ext-list@https://registry.npmjs.org/ext-list/-/ext-list-2.2.2.tgz 0ms (cache hit)
1180 http cache execa@https://registry.npmjs.org/execa/-/execa-5.1.1.tgz 1ms (cache hit)
1181 http cache express-logging@https://registry.npmjs.org/express-logging/-/express-logging-1.1.1.tgz 0ms (cache hit)
1182 http cache events@https://registry.npmjs.org/events/-/events-3.3.0.tgz 0ms (cache hit)
1183 http cache ext-name@https://registry.npmjs.org/ext-name/-/ext-name-5.0.0.tgz 0ms (cache hit)
1184 http cache events-universal@https://registry.npmjs.org/events-universal/-/events-universal-1.0.1.tgz 0ms (cache hit)
1185 http cache eventemitter3@https://registry.npmjs.org/eventemitter3/-/eventemitter3-4.0.7.tgz 0ms (cache hit)
1186 http cache event-target-shim@https://registry.npmjs.org/event-target-shim/-/event-target-shim-5.0.1.tgz 0ms (cache hit)
1187 http cache esprima@https://registry.npmjs.org/esprima/-/esprima-4.0.1.tgz 0ms (cache hit)
1188 http cache estree-walker@https://registry.npmjs.org/estree-walker/-/estree-walker-2.0.2.tgz 0ms (cache hit)
1189 http cache etag@https://registry.npmjs.org/etag/-/etag-1.8.1.tgz 0ms (cache hit)
1190 http cache esutils@https://registry.npmjs.org/esutils/-/esutils-2.0.3.tgz 0ms (cache hit)
1191 http cache estraverse@https://registry.npmjs.org/estraverse/-/estraverse-5.3.0.tgz 0ms (cache hit)
1192 http cache escape-html@https://registry.npmjs.org/escape-html/-/escape-html-1.0.3.tgz 0ms (cache hit)
1193 http cache escape-goat@https://registry.npmjs.org/escape-goat/-/escape-goat-4.0.0.tgz 0ms (cache hit)
1194 http cache escodegen@https://registry.npmjs.org/escodegen/-/escodegen-2.1.0.tgz 0ms (cache hit)
1195 http cache escape-string-regexp@https://registry.npmjs.org/escape-string-regexp/-/escape-string-regexp-5.0.0.tgz 0ms (cache hit)
1196 http cache escalade@https://registry.npmjs.org/escalade/-/escalade-3.2.0.tgz 0ms (cache hit)
1197 http cache es-module-lexer@https://registry.npmjs.org/es-module-lexer/-/es-module-lexer-1.7.0.tgz 0ms (cache hit)
1198 http cache esbuild@https://registry.npmjs.org/esbuild/-/esbuild-0.25.10.tgz 0ms (cache hit)
1199 http cache es-object-atoms@https://registry.npmjs.org/es-object-atoms/-/es-object-atoms-1.1.1.tgz 0ms (cache hit)
1200 http cache error-stack-parser@https://registry.npmjs.org/error-stack-parser/-/error-stack-parser-2.1.4.tgz 0ms (cache hit)
1201 http cache es-define-property@https://registry.npmjs.org/es-define-property/-/es-define-property-1.0.1.tgz 0ms (cache hit)
1202 http cache envinfo@https://registry.npmjs.org/envinfo/-/envinfo-7.15.0.tgz 0ms (cache hit)
1203 http cache es-errors@https://registry.npmjs.org/es-errors/-/es-errors-1.3.0.tgz 0ms (cache hit)
1204 http cache env-paths@https://registry.npmjs.org/env-paths/-/env-paths-3.0.0.tgz 0ms (cache hit)
1205 http cache enquirer@https://registry.npmjs.org/enquirer/-/enquirer-2.4.1.tgz 0ms (cache hit)
1206 http cache environment@https://registry.npmjs.org/environment/-/environment-1.1.0.tgz 0ms (cache hit)
1207 http cache enabled@https://registry.npmjs.org/enabled/-/enabled-2.0.0.tgz 0ms (cache hit)
1208 http cache entities@https://registry.npmjs.org/entities/-/entities-2.2.0.tgz 0ms (cache hit)
1209 http cache end-of-stream@https://registry.npmjs.org/end-of-stream/-/end-of-stream-1.4.5.tgz 0ms (cache hit)
1210 http cache encodeurl@https://registry.npmjs.org/encodeurl/-/encodeurl-2.0.0.tgz 0ms (cache hit)
1211 http cache empathic@https://registry.npmjs.org/empathic/-/empathic-2.0.0.tgz 0ms (cache hit)
1212 http cache emoji-regex@https://registry.npmjs.org/emoji-regex/-/emoji-regex-10.5.0.tgz 0ms (cache hit)
1213 http cache dunder-proto@https://registry.npmjs.org/dunder-proto/-/dunder-proto-1.0.1.tgz 0ms (cache hit)
1214 http cache ee-first@https://registry.npmjs.org/ee-first/-/ee-first-1.1.1.tgz 0ms (cache hit)
1215 http cache dotenv@https://registry.npmjs.org/dotenv/-/dotenv-17.2.3.tgz 0ms (cache hit)
1216 http cache ecdsa-sig-formatter@https://registry.npmjs.org/ecdsa-sig-formatter/-/ecdsa-sig-formatter-1.0.11.tgz 0ms (cache hit)
1217 http cache domutils@https://registry.npmjs.org/domutils/-/domutils-3.2.2.tgz 0ms (cache hit)
1218 http cache eastasianwidth@https://registry.npmjs.org/eastasianwidth/-/eastasianwidth-0.2.0.tgz 0ms (cache hit)
1219 http cache domelementtype@https://registry.npmjs.org/domelementtype/-/domelementtype-2.3.0.tgz 0ms (cache hit)
1220 http cache dot-prop@https://registry.npmjs.org/dot-prop/-/dot-prop-9.0.0.tgz 0ms (cache hit)
1221 http cache detective-stylus@https://registry.npmjs.org/detective-stylus/-/detective-stylus-5.0.1.tgz 0ms (cache hit)
1222 http cache domhandler@https://registry.npmjs.org/domhandler/-/domhandler-5.0.3.tgz 0ms (cache hit)
1223 http cache detective-vue2@https://registry.npmjs.org/detective-vue2/-/detective-vue2-2.2.0.tgz 0ms (cache hit)
1224 http cache dom-serializer@https://registry.npmjs.org/dom-serializer/-/dom-serializer-2.0.0.tgz 0ms (cache hit)
1225 http cache diff@https://registry.npmjs.org/diff/-/diff-4.0.2.tgz 0ms (cache hit)
1226 http cache dettle@https://registry.npmjs.org/dettle/-/dettle-1.0.5.tgz 0ms (cache hit)
1227 http cache detective-typescript@https://registry.npmjs.org/detective-typescript/-/detective-typescript-14.0.0.tgz 0ms (cache hit)
1228 http cache detective-scss@https://registry.npmjs.org/detective-scss/-/detective-scss-5.0.1.tgz 0ms (cache hit)
1229 http cache detective-sass@https://registry.npmjs.org/detective-sass/-/detective-sass-6.0.1.tgz 0ms (cache hit)
1230 http cache detective-amd@https://registry.npmjs.org/detective-amd/-/detective-amd-6.0.1.tgz 0ms (cache hit)
1231 http cache detective-es6@https://registry.npmjs.org/detective-es6/-/detective-es6-5.0.1.tgz 0ms (cache hit)
1232 http cache detective-cjs@https://registry.npmjs.org/detective-cjs/-/detective-cjs-6.0.1.tgz 0ms (cache hit)
1233 http cache destroy@https://registry.npmjs.org/destroy/-/destroy-1.2.0.tgz 0ms (cache hit)
1234 http cache detective-postcss@https://registry.npmjs.org/detective-postcss/-/detective-postcss-7.0.1.tgz 0ms (cache hit)
1235 http cache destr@https://registry.npmjs.org/destr/-/destr-2.0.5.tgz 0ms (cache hit)
1236 http cache detect-libc@https://registry.npmjs.org/detect-libc/-/detect-libc-2.1.1.tgz 0ms (cache hit)
1237 http cache depd@https://registry.npmjs.org/depd/-/depd-2.0.0.tgz 0ms (cache hit)
1238 http cache define-lazy-prop@https://registry.npmjs.org/define-lazy-prop/-/define-lazy-prop-3.0.0.tgz 0ms (cache hit)
1239 http cache defer-to-connect@https://registry.npmjs.org/defer-to-connect/-/defer-to-connect-2.0.1.tgz 0ms (cache hit)
1240 http cache defu@https://registry.npmjs.org/defu/-/defu-6.1.4.tgz 0ms (cache hit)
1241 http cache default-browser-id@https://registry.npmjs.org/default-browser-id/-/default-browser-id-5.0.0.tgz 0ms (cache hit)
1242 http cache defaults@https://registry.npmjs.org/defaults/-/defaults-1.0.4.tgz 0ms (cache hit)
1243 http cache default-browser@https://registry.npmjs.org/default-browser/-/default-browser-5.2.1.tgz 0ms (cache hit)
1244 http cache decompress-response@https://registry.npmjs.org/decompress-response/-/decompress-response-6.0.0.tgz 0ms (cache hit)
1245 http cache debug@https://registry.npmjs.org/debug/-/debug-4.4.3.tgz 0ms (cache hit)
1246 http cache deep-extend@https://registry.npmjs.org/deep-extend/-/deep-extend-0.6.0.tgz 0ms (cache hit)
1247 http cache cyclist@https://registry.npmjs.org/cyclist/-/cyclist-1.0.2.tgz 0ms (cache hit)
1248 http cache deepmerge@https://registry.npmjs.org/deepmerge/-/deepmerge-4.3.1.tgz 0ms (cache hit)
1249 http cache data-uri-to-buffer@https://registry.npmjs.org/data-uri-to-buffer/-/data-uri-to-buffer-4.0.1.tgz 0ms (cache hit)
1250 http cache decache@https://registry.npmjs.org/decache/-/decache-4.6.2.tgz 0ms (cache hit)
1251 http cache cssfilter@https://registry.npmjs.org/cssfilter/-/cssfilter-0.0.10.tgz 0ms (cache hit)
1252 http cache csso@https://registry.npmjs.org/csso/-/csso-5.0.5.tgz 0ms (cache hit)
1253 http cache css-what@https://registry.npmjs.org/css-what/-/css-what-6.2.2.tgz 0ms (cache hit)
1254 http cache css-tree@https://registry.npmjs.org/css-tree/-/css-tree-3.1.0.tgz 0ms (cache hit)
1255 http cache css-select@https://registry.npmjs.org/css-select/-/css-select-5.2.2.tgz 0ms (cache hit)
1256 http cache crossws@https://registry.npmjs.org/crossws/-/crossws-0.3.5.tgz 0ms (cache hit)
1257 http cache cron-parser@https://registry.npmjs.org/cron-parser/-/cron-parser-4.9.0.tgz 0ms (cache hit)
1258 http cache create-require@https://registry.npmjs.org/create-require/-/create-require-1.1.1.tgz 0ms (cache hit)
1259 http cache cross-spawn@https://registry.npmjs.org/cross-spawn/-/cross-spawn-7.0.6.tgz 0ms (cache hit)
1260 http cache crc-32@https://registry.npmjs.org/crc-32/-/crc-32-1.2.2.tgz 0ms (cache hit)
1261 http cache core-util-is@https://registry.npmjs.org/core-util-is/-/core-util-is-1.0.3.tgz 0ms (cache hit)
1262 http cache cpy@https://registry.npmjs.org/cpy/-/cpy-11.1.0.tgz 0ms (cache hit)
1263 http cache cookie-es@https://registry.npmjs.org/cookie-es/-/cookie-es-1.2.2.tgz 0ms (cache hit)
1264 http cache cookie-signature@https://registry.npmjs.org/cookie-signature/-/cookie-signature-1.0.6.tgz 0ms (cache hit)
1265 http cache copy-file@https://registry.npmjs.org/copy-file/-/copy-file-11.1.0.tgz 0ms (cache hit)
1266 http cache cookie@https://registry.npmjs.org/cookie/-/cookie-1.0.2.tgz 0ms (cache hit)
1267 http cache content-type@https://registry.npmjs.org/content-type/-/content-type-1.0.5.tgz 0ms (cache hit)
1268 http cache config-chain@https://registry.npmjs.org/config-chain/-/config-chain-1.1.13.tgz 0ms (cache hit)
1269 http cache configstore@https://registry.npmjs.org/configstore/-/configstore-7.1.0.tgz 0ms (cache hit)
1270 http cache content-disposition@https://registry.npmjs.org/content-disposition/-/content-disposition-0.5.4.tgz 0ms (cache hit)
1271 http cache consola@https://registry.npmjs.org/consola/-/consola-3.4.2.tgz 0ms (cache hit)
1272 http cache confbox@https://registry.npmjs.org/confbox/-/confbox-0.1.8.tgz 0ms (cache hit)
1273 http cache common-path-prefix@https://registry.npmjs.org/common-path-prefix/-/common-path-prefix-3.0.0.tgz 0ms (cache hit)
1274 http cache compress-commons@https://registry.npmjs.org/compress-commons/-/compress-commons-6.0.2.tgz 0ms (cache hit)
1275 http cache commander@https://registry.npmjs.org/commander/-/commander-12.1.0.tgz 0ms (cache hit)
1276 http cache crc32-stream@https://registry.npmjs.org/crc32-stream/-/crc32-stream-6.0.0.tgz 0ms (cache hit)
1277 http cache comment-json@https://registry.npmjs.org/comment-json/-/comment-json-4.3.0.tgz 0ms (cache hit)
1278 http cache color@https://registry.npmjs.org/color/-/color-3.2.1.tgz 0ms (cache hit)
1279 http cache colors@https://registry.npmjs.org/colors/-/colors-1.4.0.tgz 0ms (cache hit)
1280 http cache colorspace@https://registry.npmjs.org/colorspace/-/colorspace-1.1.4.tgz 0ms (cache hit)
1281 http cache color-name@https://registry.npmjs.org/color-name/-/color-name-1.1.4.tgz 0ms (cache hit)
1282 http cache color-string@https://registry.npmjs.org/color-string/-/color-string-1.9.1.tgz 0ms (cache hit)
1283 http cache cliui@https://registry.npmjs.org/cliui/-/cliui-8.0.1.tgz 0ms (cache hit)
1284 http cache color-convert@https://registry.npmjs.org/color-convert/-/color-convert-1.9.3.tgz 0ms (cache hit)
1285 http cache cli-boxes@https://registry.npmjs.org/cli-boxes/-/cli-boxes-3.0.0.tgz 0ms (cache hit)
1286 http cache clone@https://registry.npmjs.org/clone/-/clone-1.0.4.tgz 0ms (cache hit)
1287 http cache clipboardy@https://registry.npmjs.org/clipboardy/-/clipboardy-4.0.0.tgz 0ms (cache hit)
1288 http cache cli-width@https://registry.npmjs.org/cli-width/-/cli-width-3.0.0.tgz 0ms (cache hit)
1289 http cache cli-spinners@https://registry.npmjs.org/cli-spinners/-/cli-spinners-2.9.2.tgz 0ms (cache hit)
1290 http cache cli-cursor@https://registry.npmjs.org/cli-cursor/-/cli-cursor-3.1.0.tgz 0ms (cache hit)
1291 http cache clean-stack@https://registry.npmjs.org/clean-stack/-/clean-stack-5.3.0.tgz 0ms (cache hit)
1292 http cache ci-info@https://registry.npmjs.org/ci-info/-/ci-info-4.3.0.tgz 0ms (cache hit)
1293 http cache citty@https://registry.npmjs.org/citty/-/citty-0.1.6.tgz 0ms (cache hit)
1294 http cache chownr@https://registry.npmjs.org/chownr/-/chownr-3.0.0.tgz 0ms (cache hit)
1295 http cache clean-deep@https://registry.npmjs.org/clean-deep/-/clean-deep-3.4.0.tgz 0ms (cache hit)
1296 http cache chardet@https://registry.npmjs.org/chardet/-/chardet-2.1.0.tgz 0ms (cache hit)
1297 http cache camelcase@https://registry.npmjs.org/camelcase/-/camelcase-8.0.0.tgz 0ms (cache hit)
1298 http cache chokidar@https://registry.npmjs.org/chokidar/-/chokidar-4.0.3.tgz 0ms (cache hit)
1299 http cache call-bound@https://registry.npmjs.org/call-bound/-/call-bound-1.0.4.tgz 0ms (cache hit)
1300 http cache call-bind-apply-helpers@https://registry.npmjs.org/call-bind-apply-helpers/-/call-bind-apply-helpers-1.0.2.tgz 0ms (cache hit)
1301 http cache callsite@https://registry.npmjs.org/callsite/-/callsite-1.0.0.tgz 0ms (cache hit)
1302 http cache array-flatten@https://registry.npmjs.org/array-flatten/-/array-flatten-1.1.1.tgz 0ms (cache hit)
1303 http cache chalk@https://registry.npmjs.org/chalk/-/chalk-5.6.2.tgz 0ms (cache hit)
1304 http cache bytes@https://registry.npmjs.org/bytes/-/bytes-3.1.2.tgz 0ms (cache hit)
1305 http cache cacheable-request@https://registry.npmjs.org/cacheable-request/-/cacheable-request-10.2.14.tgz 0ms (cache hit)
1306 http cache cacheable-lookup@https://registry.npmjs.org/cacheable-lookup/-/cacheable-lookup-7.0.0.tgz 0ms (cache hit)
1307 http cache bundle-name@https://registry.npmjs.org/bundle-name/-/bundle-name-4.1.0.tgz 0ms (cache hit)
1308 http cache buffer-from@https://registry.npmjs.org/buffer-from/-/buffer-from-1.1.2.tgz 0ms (cache hit)
1309 http cache byline@https://registry.npmjs.org/byline/-/byline-5.0.0.tgz 0ms (cache hit)
1310 http cache buffer-crc32@https://registry.npmjs.org/buffer-crc32/-/buffer-crc32-1.0.0.tgz 0ms (cache hit)
1311 http cache buffer-equal-constant-time@https://registry.npmjs.org/buffer-equal-constant-time/-/buffer-equal-constant-time-1.0.1.tgz 0ms (cache hit)
1312 http cache buffer@https://registry.npmjs.org/buffer/-/buffer-5.7.1.tgz 0ms (cache hit)
1313 http cache braces@https://registry.npmjs.org/braces/-/braces-3.0.3.tgz 0ms (cache hit)
1314 http cache brace-expansion@https://registry.npmjs.org/brace-expansion/-/brace-expansion-2.0.2.tgz 0ms (cache hit)
1315 http cache boxen@https://registry.npmjs.org/boxen/-/boxen-8.0.1.tgz 0ms (cache hit)
1316 http cache bl@https://registry.npmjs.org/bl/-/bl-4.1.0.tgz 0ms (cache hit)
1317 http cache body-parser@https://registry.npmjs.org/body-parser/-/body-parser-1.20.3.tgz 0ms (cache hit)
1318 http cache bindings@https://registry.npmjs.org/bindings/-/bindings-1.5.0.tgz 0ms (cache hit)
1319 http cache boolbase@https://registry.npmjs.org/boolbase/-/boolbase-1.0.0.tgz 0ms (cache hit)
1320 http cache before-after-hook@https://registry.npmjs.org/before-after-hook/-/before-after-hook-4.0.0.tgz 1ms (cache hit)
1321 http cache base64-js@https://registry.npmjs.org/base64-js/-/base64-js-1.5.1.tgz 0ms (cache hit)
1322 http cache better-ajv-errors@https://registry.npmjs.org/better-ajv-errors/-/better-ajv-errors-1.2.0.tgz 0ms (cache hit)
1323 http cache bare-events@https://registry.npmjs.org/bare-events/-/bare-events-2.7.0.tgz 0ms (cache hit)
1324 http cache backoff@https://registry.npmjs.org/backoff/-/backoff-2.5.0.tgz 0ms (cache hit)
1325 http cache async@https://registry.npmjs.org/async/-/async-3.2.6.tgz 0ms (cache hit)
1326 http cache balanced-match@https://registry.npmjs.org/balanced-match/-/balanced-match-1.0.2.tgz 0ms (cache hit)
1327 http cache b4a@https://registry.npmjs.org/b4a/-/b4a-1.7.2.tgz 0ms (cache hit)
1328 http cache avvio@https://registry.npmjs.org/avvio/-/avvio-8.4.0.tgz 0ms (cache hit)
1329 http cache atomic-sleep@https://registry.npmjs.org/atomic-sleep/-/atomic-sleep-1.0.0.tgz 0ms (cache hit)
1330 http cache atomically@https://registry.npmjs.org/atomically/-/atomically-2.0.3.tgz 0ms (cache hit)
1331 http cache ast-module-types@https://registry.npmjs.org/ast-module-types/-/ast-module-types-6.0.1.tgz 0ms (cache hit)
1332 http cache async-sema@https://registry.npmjs.org/async-sema/-/async-sema-3.1.1.tgz 0ms (cache hit)
1333 http cache arg@https://registry.npmjs.org/arg/-/arg-4.1.3.tgz 0ms (cache hit)
1334 http cache ascii-table@https://registry.npmjs.org/ascii-table/-/ascii-table-0.0.9.tgz 0ms (cache hit)
1335 http cache array-timsort@https://registry.npmjs.org/array-timsort/-/array-timsort-1.0.3.tgz 0ms (cache hit)
1336 http cache archiver@https://registry.npmjs.org/archiver/-/archiver-7.0.1.tgz 0ms (cache hit)
1337 http cache archiver-utils@https://registry.npmjs.org/archiver-utils/-/archiver-utils-5.0.2.tgz 0ms (cache hit)
1338 http cache ansis@https://registry.npmjs.org/ansis/-/ansis-4.1.0.tgz 0ms (cache hit)
1339 http cache anymatch@https://registry.npmjs.org/anymatch/-/anymatch-3.1.3.tgz 0ms (cache hit)
1340 http cache ansi-regex@https://registry.npmjs.org/ansi-regex/-/ansi-regex-6.2.2.tgz 0ms (cache hit)
1341 http cache ansi-styles@https://registry.npmjs.org/ansi-styles/-/ansi-styles-6.2.3.tgz 0ms (cache hit)
1342 http cache ansi-colors@https://registry.npmjs.org/ansi-colors/-/ansi-colors-4.1.3.tgz 0ms (cache hit)
1343 http cache ansi-to-html@https://registry.npmjs.org/ansi-to-html/-/ansi-to-html-0.7.2.tgz 0ms (cache hit)
1344 http cache ajv-formats@https://registry.npmjs.org/ajv-formats/-/ajv-formats-2.1.1.tgz 0ms (cache hit)
1345 http cache acorn-walk@https://registry.npmjs.org/acorn-walk/-/acorn-walk-8.3.4.tgz 0ms (cache hit)
1346 http cache ansi-escapes@https://registry.npmjs.org/ansi-escapes/-/ansi-escapes-7.1.1.tgz 0ms (cache hit)
1347 http cache ansi-align@https://registry.npmjs.org/ansi-align/-/ansi-align-3.0.1.tgz 0ms (cache hit)
1348 http cache ajv@https://registry.npmjs.org/ajv/-/ajv-8.17.1.tgz 0ms (cache hit)
1349 http cache agent-base@https://registry.npmjs.org/agent-base/-/agent-base-7.1.4.tgz 1ms (cache hit)
1350 http cache acorn-import-attributes@https://registry.npmjs.org/acorn-import-attributes/-/acorn-import-attributes-1.9.5.tgz 0ms (cache hit)
1351 http cache ajv-errors@https://registry.npmjs.org/ajv-errors/-/ajv-errors-3.0.0.tgz 0ms (cache hit)
1352 http cache abort-controller@https://registry.npmjs.org/abort-controller/-/abort-controller-3.0.0.tgz 0ms (cache hit)
1353 http cache acorn@https://registry.npmjs.org/acorn/-/acorn-8.15.0.tgz 0ms (cache hit)
1354 http cache accepts@https://registry.npmjs.org/accepts/-/accepts-1.3.8.tgz 0ms (cache hit)
1355 http cache abstract-logging@https://registry.npmjs.org/abstract-logging/-/abstract-logging-2.0.1.tgz 0ms (cache hit)
1356 http cache abbrev@https://registry.npmjs.org/abbrev/-/abbrev-3.0.1.tgz 0ms (cache hit)
1357 http cache p-timeout@https://registry.npmjs.org/p-timeout/-/p-timeout-5.1.0.tgz 0ms (cache hit)
1358 http cache get-stream@https://registry.npmjs.org/get-stream/-/get-stream-6.0.1.tgz 0ms (cache hit)
1359 http cache p-event@https://registry.npmjs.org/p-event/-/p-event-5.0.1.tgz 0ms (cache hit)
1360 http cache get-stream@https://registry.npmjs.org/get-stream/-/get-stream-6.0.1.tgz 0ms (cache hit)
1361 http cache is-stream@https://registry.npmjs.org/is-stream/-/is-stream-3.0.0.tgz 0ms (cache hit)
1362 http cache is-stream@https://registry.npmjs.org/is-stream/-/is-stream-3.0.0.tgz 0ms (cache hit)
1363 http cache is-stream@https://registry.npmjs.org/is-stream/-/is-stream-3.0.0.tgz 0ms (cache hit)
1364 http cache urlpattern-polyfill@https://registry.npmjs.org/urlpattern-polyfill/-/urlpattern-polyfill-10.1.0.tgz 0ms (cache hit)
1365 http cache entities@https://registry.npmjs.org/entities/-/entities-4.5.0.tgz 0ms (cache hit)
1366 http cache eslint-visitor-keys@https://registry.npmjs.org/eslint-visitor-keys/-/eslint-visitor-keys-4.2.1.tgz 0ms (cache hit)
1367 http cache graceful-fs@https://registry.npmjs.org/graceful-fs/-/graceful-fs-4.2.10.tgz 1ms (cache hit)
1368 http cache detect-libc@https://registry.npmjs.org/detect-libc/-/detect-libc-1.0.3.tgz 0ms (cache hit)
1369 http cache @netlify/serverless-functions-api@https://registry.npmjs.org/@netlify/serverless-functions-api/-/serverless-functions-api-2.5.0.tgz 0ms (cache hit)
1370 http cache is-stream@https://registry.npmjs.org/is-stream/-/is-stream-3.0.0.tgz 0ms (cache hit)
1371 http cache strip-final-newline@https://registry.npmjs.org/strip-final-newline/-/strip-final-newline-3.0.0.tgz 0ms (cache hit)
1372 http cache execa@https://registry.npmjs.org/execa/-/execa-8.0.1.tgz 0ms (cache hit)
1373 http cache signal-exit@https://registry.npmjs.org/signal-exit/-/signal-exit-4.1.0.tgz 0ms (cache hit)
1374 http cache npm-run-path@https://registry.npmjs.org/npm-run-path/-/npm-run-path-5.3.0.tgz 0ms (cache hit)
1375 http cache get-stream@https://registry.npmjs.org/get-stream/-/get-stream-8.0.1.tgz 0ms (cache hit)
1376 http cache human-signals@https://registry.npmjs.org/human-signals/-/human-signals-5.0.0.tgz 0ms (cache hit)
1377 http cache is-stream@https://registry.npmjs.org/is-stream/-/is-stream-3.0.0.tgz 1ms (cache hit)
1378 http cache onetime@https://registry.npmjs.org/onetime/-/onetime-6.0.0.tgz 0ms (cache hit)
1379 http cache onetime@https://registry.npmjs.org/onetime/-/onetime-6.0.0.tgz 0ms (cache hit)
1380 http cache strip-final-newline@https://registry.npmjs.org/strip-final-newline/-/strip-final-newline-3.0.0.tgz 0ms (cache hit)
1381 http cache human-signals@https://registry.npmjs.org/human-signals/-/human-signals-5.0.0.tgz 0ms (cache hit)
1382 http cache signal-exit@https://registry.npmjs.org/signal-exit/-/signal-exit-4.1.0.tgz 0ms (cache hit)
1383 http cache execa@https://registry.npmjs.org/execa/-/execa-8.0.1.tgz 0ms (cache hit)
1384 http cache npm-run-path@https://registry.npmjs.org/npm-run-path/-/npm-run-path-5.3.0.tgz 0ms (cache hit)
1385 http cache get-stream@https://registry.npmjs.org/get-stream/-/get-stream-8.0.1.tgz 0ms (cache hit)
1386 http cache npm-run-path@https://registry.npmjs.org/npm-run-path/-/npm-run-path-5.3.0.tgz 0ms (cache hit)
1387 http cache is-stream@https://registry.npmjs.org/is-stream/-/is-stream-3.0.0.tgz 0ms (cache hit)
1388 http cache get-stream@https://registry.npmjs.org/get-stream/-/get-stream-8.0.1.tgz 0ms (cache hit)
1389 http cache signal-exit@https://registry.npmjs.org/signal-exit/-/signal-exit-4.1.0.tgz 0ms (cache hit)
1390 http cache strip-final-newline@https://registry.npmjs.org/strip-final-newline/-/strip-final-newline-3.0.0.tgz 0ms (cache hit)
1391 http cache onetime@https://registry.npmjs.org/onetime/-/onetime-6.0.0.tgz 0ms (cache hit)
1392 http cache execa@https://registry.npmjs.org/execa/-/execa-8.0.1.tgz 0ms (cache hit)
1393 http cache human-signals@https://registry.npmjs.org/human-signals/-/human-signals-5.0.0.tgz 0ms (cache hit)
1394 http cache npm-run-path@https://registry.npmjs.org/npm-run-path/-/npm-run-path-5.3.0.tgz 0ms (cache hit)
1395 http cache strip-final-newline@https://registry.npmjs.org/strip-final-newline/-/strip-final-newline-3.0.0.tgz 0ms (cache hit)
1396 http cache signal-exit@https://registry.npmjs.org/signal-exit/-/signal-exit-4.1.0.tgz 0ms (cache hit)
1397 http cache human-signals@https://registry.npmjs.org/human-signals/-/human-signals-5.0.0.tgz 0ms (cache hit)
1398 http cache onetime@https://registry.npmjs.org/onetime/-/onetime-6.0.0.tgz 0ms (cache hit)
1399 http cache get-stream@https://registry.npmjs.org/get-stream/-/get-stream-8.0.1.tgz 0ms (cache hit)
1400 http cache is-stream@https://registry.npmjs.org/is-stream/-/is-stream-3.0.0.tgz 0ms (cache hit)
1401 http cache get-port@https://registry.npmjs.org/get-port/-/get-port-7.1.0.tgz 0ms (cache hit)
1402 http cache execa@https://registry.npmjs.org/execa/-/execa-8.0.1.tgz 0ms (cache hit)
1403 http cache get-port@https://registry.npmjs.org/get-port/-/get-port-7.1.0.tgz 0ms (cache hit)
1404 http cache @netlify/edge-functions-bootstrap@https://registry.npmjs.org/@netlify/edge-functions-bootstrap/-/edge-functions-bootstrap-2.16.0.tgz 0ms (cache hit)
1405 http cache strip-final-newline@https://registry.npmjs.org/strip-final-newline/-/strip-final-newline-3.0.0.tgz 0ms (cache hit)
1406 http cache is-stream@https://registry.npmjs.org/is-stream/-/is-stream-3.0.0.tgz 0ms (cache hit)
1407 http cache zod@https://registry.npmjs.org/zod/-/zod-4.1.11.tgz 0ms (cache hit)
1408 http cache onetime@https://registry.npmjs.org/onetime/-/onetime-6.0.0.tgz 0ms (cache hit)
1409 http cache npm-run-path@https://registry.npmjs.org/npm-run-path/-/npm-run-path-5.3.0.tgz 0ms (cache hit)
1410 http cache human-signals@https://registry.npmjs.org/human-signals/-/human-signals-5.0.0.tgz 0ms (cache hit)
1411 http cache signal-exit@https://registry.npmjs.org/signal-exit/-/signal-exit-4.1.0.tgz 0ms (cache hit)
1412 http cache get-stream@https://registry.npmjs.org/get-stream/-/get-stream-8.0.1.tgz 0ms (cache hit)
1413 http cache execa@https://registry.npmjs.org/execa/-/execa-8.0.1.tgz 0ms (cache hit)
1414 http cache @sindresorhus/slugify@https://registry.npmjs.org/@sindresorhus/slugify/-/slugify-2.2.1.tgz 0ms (cache hit)
1415 http cache signal-exit@https://registry.npmjs.org/signal-exit/-/signal-exit-4.1.0.tgz 0ms (cache hit)
1416 http cache onetime@https://registry.npmjs.org/onetime/-/onetime-6.0.0.tgz 0ms (cache hit)
1417 http cache execa@https://registry.npmjs.org/execa/-/execa-8.0.1.tgz 0ms (cache hit)
1418 http cache strip-final-newline@https://registry.npmjs.org/strip-final-newline/-/strip-final-newline-3.0.0.tgz 0ms (cache hit)
1419 http cache npm-run-path@https://registry.npmjs.org/npm-run-path/-/npm-run-path-5.3.0.tgz 0ms (cache hit)
1420 http cache human-signals@https://registry.npmjs.org/human-signals/-/human-signals-5.0.0.tgz 0ms (cache hit)
1421 http cache get-stream@https://registry.npmjs.org/get-stream/-/get-stream-8.0.1.tgz 0ms (cache hit)
1422 http cache is-stream@https://registry.npmjs.org/is-stream/-/is-stream-3.0.0.tgz 0ms (cache hit)
1423 http cache node-fetch@https://registry.npmjs.org/node-fetch/-/node-fetch-2.7.0.tgz 0ms (cache hit)
1424 http cache emoji-regex@https://registry.npmjs.org/emoji-regex/-/emoji-regex-9.2.2.tgz 0ms (cache hit)
1425 http cache iconv-lite@https://registry.npmjs.org/iconv-lite/-/iconv-lite-0.7.0.tgz 0ms (cache hit)
1426 http cache wrap-ansi@https://registry.npmjs.org/wrap-ansi/-/wrap-ansi-8.1.0.tgz 0ms (cache hit)
1427 http cache string-width@https://registry.npmjs.org/string-width/-/string-width-5.1.2.tgz 0ms (cache hit)
1428 http cache fast-uri@https://registry.npmjs.org/fast-uri/-/fast-uri-2.4.0.tgz 0ms (cache hit)
1429 http cache @jridgewell/trace-mapping@https://registry.npmjs.org/@jridgewell/trace-mapping/-/trace-mapping-0.3.9.tgz 0ms (cache hit)
1430 http cache buffer-crc32@https://registry.npmjs.org/buffer-crc32/-/buffer-crc32-0.2.13.tgz 0ms (cache hit)
1431 http cache is-fullwidth-code-point@https://registry.npmjs.org/is-fullwidth-code-point/-/is-fullwidth-code-point-3.0.0.tgz 0ms (cache hit)
1432 http cache strip-ansi@https://registry.npmjs.org/strip-ansi/-/strip-ansi-6.0.1.tgz 0ms (cache hit)
1433 http cache ansi-regex@https://registry.npmjs.org/ansi-regex/-/ansi-regex-5.0.1.tgz 0ms (cache hit)
1434 http cache emoji-regex@https://registry.npmjs.org/emoji-regex/-/emoji-regex-8.0.0.tgz 0ms (cache hit)
1435 http cache string-width@https://registry.npmjs.org/string-width/-/string-width-4.2.3.tgz 0ms (cache hit)
1436 http cache commander@https://registry.npmjs.org/commander/-/commander-2.20.3.tgz 0ms (cache hit)
1437 http cache signal-exit@https://registry.npmjs.org/signal-exit/-/signal-exit-4.1.0.tgz 0ms (cache hit)
1438 http cache is-stream@https://registry.npmjs.org/is-stream/-/is-stream-2.0.1.tgz 0ms (cache hit)
1439 http cache readable-stream@https://registry.npmjs.org/readable-stream/-/readable-stream-3.6.2.tgz 0ms (cache hit)
1440 http cache strip-ansi@https://registry.npmjs.org/strip-ansi/-/strip-ansi-6.0.1.tgz 0ms (cache hit)
1441 http cache color-convert@https://registry.npmjs.org/color-convert/-/color-convert-2.0.1.tgz 0ms (cache hit)
1442 http cache ansi-styles@https://registry.npmjs.org/ansi-styles/-/ansi-styles-4.3.0.tgz 0ms (cache hit)
1443 http cache string-width@https://registry.npmjs.org/string-width/-/string-width-4.2.3.tgz 0ms (cache hit)
1444 http cache ansi-regex@https://registry.npmjs.org/ansi-regex/-/ansi-regex-5.0.1.tgz 0ms (cache hit)
1445 http cache emoji-regex@https://registry.npmjs.org/emoji-regex/-/emoji-regex-8.0.0.tgz 0ms (cache hit)
1446 http cache is-fullwidth-code-point@https://registry.npmjs.org/is-fullwidth-code-point/-/is-fullwidth-code-point-3.0.0.tgz 0ms (cache hit)
1447 http cache human-signals@https://registry.npmjs.org/human-signals/-/human-signals-5.0.0.tgz 0ms (cache hit)
1448 http cache signal-exit@https://registry.npmjs.org/signal-exit/-/signal-exit-4.1.0.tgz 0ms (cache hit)
1449 http cache npm-run-path@https://registry.npmjs.org/npm-run-path/-/npm-run-path-5.3.0.tgz 0ms (cache hit)
1450 http cache get-stream@https://registry.npmjs.org/get-stream/-/get-stream-8.0.1.tgz 0ms (cache hit)
1451 http cache strip-final-newline@https://registry.npmjs.org/strip-final-newline/-/strip-final-newline-3.0.0.tgz 0ms (cache hit)
1452 http cache onetime@https://registry.npmjs.org/onetime/-/onetime-6.0.0.tgz 0ms (cache hit)
1453 http cache is-stream@https://registry.npmjs.org/is-stream/-/is-stream-3.0.0.tgz 0ms (cache hit)
1454 http cache execa@https://registry.npmjs.org/execa/-/execa-8.0.1.tgz 0ms (cache hit)
1455 http cache isexe@https://registry.npmjs.org/isexe/-/isexe-2.0.0.tgz 0ms (cache hit)
1456 http cache supports-color@https://registry.npmjs.org/supports-color/-/supports-color-7.2.0.tgz 0ms (cache hit)
1457 http cache readable-stream@https://registry.npmjs.org/readable-stream/-/readable-stream-3.6.2.tgz 0ms (cache hit)
1458 http cache commander@https://registry.npmjs.org/commander/-/commander-9.5.0.tgz 0ms (cache hit)
1459 http cache chalk@https://registry.npmjs.org/chalk/-/chalk-4.1.2.tgz 0ms (cache hit)
1460 http cache color-convert@https://registry.npmjs.org/color-convert/-/color-convert-2.0.1.tgz 0ms (cache hit)
1461 http cache ansi-styles@https://registry.npmjs.org/ansi-styles/-/ansi-styles-4.3.0.tgz 0ms (cache hit)
1462 http cache pathe@https://registry.npmjs.org/pathe/-/pathe-1.1.2.tgz 1ms (cache hit)
1463 http cache lru-cache@https://registry.npmjs.org/lru-cache/-/lru-cache-10.4.3.tgz 0ms (cache hit)
1464 http cache normalize-path@https://registry.npmjs.org/normalize-path/-/normalize-path-2.1.1.tgz 0ms (cache hit)
1465 http cache readable-stream@https://registry.npmjs.org/readable-stream/-/readable-stream-2.3.8.tgz 0ms (cache hit)
1466 http cache safe-buffer@https://registry.npmjs.org/safe-buffer/-/safe-buffer-5.1.2.tgz 0ms (cache hit)
1467 http cache string_decoder@https://registry.npmjs.org/string_decoder/-/string_decoder-1.1.1.tgz 0ms (cache hit)
1468 http cache yallist@https://registry.npmjs.org/yallist/-/yallist-5.0.0.tgz 0ms (cache hit)
1469 http cache supports-color@https://registry.npmjs.org/supports-color/-/supports-color-7.2.0.tgz 0ms (cache hit)
1470 http cache commander@https://registry.npmjs.org/commander/-/commander-11.1.0.tgz 0ms (cache hit)
1471 http cache ansi-regex@https://registry.npmjs.org/ansi-regex/-/ansi-regex-5.0.1.tgz 0ms (cache hit)
1472 http cache is-plain-obj@https://registry.npmjs.org/is-plain-obj/-/is-plain-obj-1.1.0.tgz 0ms (cache hit)
1473 http cache strip-ansi@https://registry.npmjs.org/strip-ansi/-/strip-ansi-6.0.1.tgz 0ms (cache hit)
1474 http cache emoji-regex@https://registry.npmjs.org/emoji-regex/-/emoji-regex-8.0.0.tgz 0ms (cache hit)
1475 http cache is-fullwidth-code-point@https://registry.npmjs.org/is-fullwidth-code-point/-/is-fullwidth-code-point-3.0.0.tgz 0ms (cache hit)
1476 http cache ansi-regex@https://registry.npmjs.org/ansi-regex/-/ansi-regex-5.0.1.tgz 0ms (cache hit)
1477 http cache is-plain-obj@https://registry.npmjs.org/is-plain-obj/-/is-plain-obj-1.1.0.tgz 0ms (cache hit)
1478 http cache mime@https://registry.npmjs.org/mime/-/mime-1.6.0.tgz 0ms (cache hit)
1479 http cache encodeurl@https://registry.npmjs.org/encodeurl/-/encodeurl-1.0.2.tgz 0ms (cache hit)
1480 http cache debug@https://registry.npmjs.org/debug/-/debug-2.6.9.tgz 0ms (cache hit)
1481 http cache ms@https://registry.npmjs.org/ms/-/ms-2.0.0.tgz 0ms (cache hit)
1482 http cache commander@https://registry.npmjs.org/commander/-/commander-2.20.3.tgz 0ms (cache hit)
1483 http cache minimatch@https://registry.npmjs.org/minimatch/-/minimatch-5.1.6.tgz 0ms (cache hit)
1484 http cache buffer@https://registry.npmjs.org/buffer/-/buffer-6.0.3.tgz 0ms (cache hit)
1485 http cache normalize-package-data@https://registry.npmjs.org/normalize-package-data/-/normalize-package-data-6.0.2.tgz 0ms (cache hit)
1486 http cache hosted-git-info@https://registry.npmjs.org/hosted-git-info/-/hosted-git-info-7.0.2.tgz 1ms (cache hit)
1487 http cache strip-json-comments@https://registry.npmjs.org/strip-json-comments/-/strip-json-comments-2.0.1.tgz 0ms (cache hit)
1488 http cache lru-cache@https://registry.npmjs.org/lru-cache/-/lru-cache-10.4.3.tgz 0ms (cache hit)
1489 http cache iconv-lite@https://registry.npmjs.org/iconv-lite/-/iconv-lite-0.7.0.tgz 0ms (cache hit)
1490 http cache split2@https://registry.npmjs.org/split2/-/split2-4.2.0.tgz 0ms (cache hit)
1491 http cache process-warning@https://registry.npmjs.org/process-warning/-/process-warning-5.0.0.tgz 0ms (cache hit)
1492 http cache lru-cache@https://registry.npmjs.org/lru-cache/-/lru-cache-10.4.3.tgz 0ms (cache hit)
1493 http cache string_decoder@https://registry.npmjs.org/string_decoder/-/string_decoder-1.1.1.tgz 0ms (cache hit)
1494 http cache safe-buffer@https://registry.npmjs.org/safe-buffer/-/safe-buffer-5.1.2.tgz 0ms (cache hit)
1495 http cache p-timeout@https://registry.npmjs.org/p-timeout/-/p-timeout-6.1.4.tgz 0ms (cache hit)
1496 http cache p-timeout@https://registry.npmjs.org/p-timeout/-/p-timeout-6.1.4.tgz 0ms (cache hit)
1497 http cache strip-ansi@https://registry.npmjs.org/strip-ansi/-/strip-ansi-6.0.1.tgz 0ms (cache hit)
1498 http cache readable-stream@https://registry.npmjs.org/readable-stream/-/readable-stream-2.3.8.tgz 0ms (cache hit)
1499 http cache color-convert@https://registry.npmjs.org/color-convert/-/color-convert-2.0.1.tgz 0ms (cache hit)
1500 http cache chalk@https://registry.npmjs.org/chalk/-/chalk-4.1.2.tgz 0ms (cache hit)
1501 http cache is-unicode-supported@https://registry.npmjs.org/is-unicode-supported/-/is-unicode-supported-0.1.0.tgz 0ms (cache hit)
1502 http cache ansi-regex@https://registry.npmjs.org/ansi-regex/-/ansi-regex-5.0.1.tgz 0ms (cache hit)
1503 http cache ansi-styles@https://registry.npmjs.org/ansi-styles/-/ansi-styles-4.3.0.tgz 0ms (cache hit)
1504 http cache supports-color@https://registry.npmjs.org/supports-color/-/supports-color-7.2.0.tgz 0ms (cache hit)
1505 http cache mimic-fn@https://registry.npmjs.org/mimic-fn/-/mimic-fn-2.1.0.tgz 0ms (cache hit)
1506 http cache statuses@https://registry.npmjs.org/statuses/-/statuses-1.5.0.tgz 0ms (cache hit)
1507 http cache path-key@https://registry.npmjs.org/path-key/-/path-key-3.1.1.tgz 0ms (cache hit)
1508 http cache http-errors@https://registry.npmjs.org/http-errors/-/http-errors-1.8.1.tgz 0ms (cache hit)
1509 http cache depd@https://registry.npmjs.org/depd/-/depd-1.1.2.tgz 0ms (cache hit)
1510 http cache mime-db@https://registry.npmjs.org/mime-db/-/mime-db-1.52.0.tgz 0ms (cache hit)
1511 http cache picomatch@https://registry.npmjs.org/picomatch/-/picomatch-2.3.1.tgz 0ms (cache hit)
1512 http cache is-plain-obj@https://registry.npmjs.org/is-plain-obj/-/is-plain-obj-2.1.0.tgz 0ms (cache hit)
1513 http cache pump@https://registry.npmjs.org/pump/-/pump-1.0.3.tgz 0ms (cache hit)
1514 http cache cli-cursor@https://registry.npmjs.org/cli-cursor/-/cli-cursor-5.0.0.tgz 0ms (cache hit)
1515 http cache restore-cursor@https://registry.npmjs.org/restore-cursor/-/restore-cursor-5.1.0.tgz 1ms (cache hit)
1516 http cache onetime@https://registry.npmjs.org/onetime/-/onetime-7.0.0.tgz 0ms (cache hit)
1517 http cache signal-exit@https://registry.npmjs.org/signal-exit/-/signal-exit-4.1.0.tgz 0ms (cache hit)
1518 http cache is-unicode-supported@https://registry.npmjs.org/is-unicode-supported/-/is-unicode-supported-0.1.0.tgz 0ms (cache hit)
1519 http cache chalk@https://registry.npmjs.org/chalk/-/chalk-4.1.2.tgz 0ms (cache hit)
1520 http cache color-convert@https://registry.npmjs.org/color-convert/-/color-convert-2.0.1.tgz 0ms (cache hit)
1521 http cache supports-color@https://registry.npmjs.org/supports-color/-/supports-color-7.2.0.tgz 0ms (cache hit)
1522 http cache ansi-styles@https://registry.npmjs.org/ansi-styles/-/ansi-styles-4.3.0.tgz 0ms (cache hit)
1523 http cache pathe@https://registry.npmjs.org/pathe/-/pathe-1.1.2.tgz 0ms (cache hit)
1524 http cache dotenv@https://registry.npmjs.org/dotenv/-/dotenv-16.6.1.tgz 0ms (cache hit)
1525 http cache cookie@https://registry.npmjs.org/cookie/-/cookie-0.7.2.tgz 0ms (cache hit)
1526 http cache commander@https://registry.npmjs.org/commander/-/commander-10.0.1.tgz 0ms (cache hit)
1527 http cache @fastify/accept-negotiator@https://registry.npmjs.org/@fastify/accept-negotiator/-/accept-negotiator-2.0.1.tgz 0ms (cache hit)
1528 http cache string_decoder@https://registry.npmjs.org/string_decoder/-/string_decoder-1.1.1.tgz 0ms (cache hit)
1529 http cache safe-buffer@https://registry.npmjs.org/safe-buffer/-/safe-buffer-5.1.2.tgz 0ms (cache hit)
1530 http cache type-fest@https://registry.npmjs.org/type-fest/-/type-fest-0.21.3.tgz 0ms (cache hit)
1531 http cache rxjs@https://registry.npmjs.org/rxjs/-/rxjs-6.6.7.tgz 0ms (cache hit)
1532 http cache tslib@https://registry.npmjs.org/tslib/-/tslib-1.14.1.tgz 0ms (cache hit)
1533 http cache readable-stream@https://registry.npmjs.org/readable-stream/-/readable-stream-2.3.8.tgz 0ms (cache hit)
1534 http cache figures@https://registry.npmjs.org/figures/-/figures-3.2.0.tgz 0ms (cache hit)
1535 http cache supports-color@https://registry.npmjs.org/supports-color/-/supports-color-7.2.0.tgz 0ms (cache hit)
1536 http cache color-convert@https://registry.npmjs.org/color-convert/-/color-convert-2.0.1.tgz 0ms (cache hit)
1537 http cache chalk@https://registry.npmjs.org/chalk/-/chalk-4.1.2.tgz 0ms (cache hit)
1538 http cache ansi-styles@https://registry.npmjs.org/ansi-styles/-/ansi-styles-4.3.0.tgz 0ms (cache hit)
1539 http cache escape-string-regexp@https://registry.npmjs.org/escape-string-regexp/-/escape-string-regexp-1.0.5.tgz 0ms (cache hit)
1540 http cache ansi-escapes@https://registry.npmjs.org/ansi-escapes/-/ansi-escapes-4.3.2.tgz 0ms (cache hit)
1541 http cache supports-color@https://registry.npmjs.org/supports-color/-/supports-color-7.2.0.tgz 0ms (cache hit)
1542 http cache string-width@https://registry.npmjs.org/string-width/-/string-width-4.2.3.tgz 0ms (cache hit)
1543 http cache type-fest@https://registry.npmjs.org/type-fest/-/type-fest-0.21.3.tgz 0ms (cache hit)
1544 http cache strip-ansi@https://registry.npmjs.org/strip-ansi/-/strip-ansi-6.0.1.tgz 0ms (cache hit)
1545 http cache wrap-ansi@https://registry.npmjs.org/wrap-ansi/-/wrap-ansi-6.2.0.tgz 0ms (cache hit)
1546 http cache escape-string-regexp@https://registry.npmjs.org/escape-string-regexp/-/escape-string-regexp-1.0.5.tgz 0ms (cache hit)
1547 http cache is-fullwidth-code-point@https://registry.npmjs.org/is-fullwidth-code-point/-/is-fullwidth-code-point-3.0.0.tgz 0ms (cache hit)
1548 http cache figures@https://registry.npmjs.org/figures/-/figures-3.2.0.tgz 0ms (cache hit)
1549 http cache emoji-regex@https://registry.npmjs.org/emoji-regex/-/emoji-regex-8.0.0.tgz 0ms (cache hit)
1550 http cache ansi-regex@https://registry.npmjs.org/ansi-regex/-/ansi-regex-5.0.1.tgz 0ms (cache hit)
1551 http cache chalk@https://registry.npmjs.org/chalk/-/chalk-4.1.2.tgz 0ms (cache hit)
1552 http cache ansi-styles@https://registry.npmjs.org/ansi-styles/-/ansi-styles-4.3.0.tgz 0ms (cache hit)
1553 http cache color-convert@https://registry.npmjs.org/color-convert/-/color-convert-2.0.1.tgz 0ms (cache hit)
1554 http cache ansi-escapes@https://registry.npmjs.org/ansi-escapes/-/ansi-escapes-4.3.2.tgz 1ms (cache hit)
1555 http cache is-plain-obj@https://registry.npmjs.org/is-plain-obj/-/is-plain-obj-3.0.0.tgz 0ms (cache hit)
1556 http cache lru-cache@https://registry.npmjs.org/lru-cache/-/lru-cache-10.4.3.tgz 0ms (cache hit)
1557 http cache get-stream@https://registry.npmjs.org/get-stream/-/get-stream-6.0.1.tgz 0ms (cache hit)
1558 http cache ignore@https://registry.npmjs.org/ignore/-/ignore-7.0.5.tgz 0ms (cache hit)
1559 http cache unicorn-magic@https://registry.npmjs.org/unicorn-magic/-/unicorn-magic-0.3.0.tgz 0ms (cache hit)
1560 http cache ini@https://registry.npmjs.org/ini/-/ini-4.1.1.tgz 0ms (cache hit)
1561 http cache readable-stream@https://registry.npmjs.org/readable-stream/-/readable-stream-2.3.8.tgz 0ms (cache hit)
1562 http cache string_decoder@https://registry.npmjs.org/string_decoder/-/string_decoder-1.1.1.tgz 0ms (cache hit)
1563 http cache safe-buffer@https://registry.npmjs.org/safe-buffer/-/safe-buffer-5.1.2.tgz 0ms (cache hit)
1564 http cache ms@https://registry.npmjs.org/ms/-/ms-2.0.0.tgz 0ms (cache hit)
1565 http cache signal-exit@https://registry.npmjs.org/signal-exit/-/signal-exit-4.1.0.tgz 0ms (cache hit)
1566 http cache glob-parent@https://registry.npmjs.org/glob-parent/-/glob-parent-5.1.2.tgz 1ms (cache hit)
1567 http cache debug@https://registry.npmjs.org/debug/-/debug-2.6.9.tgz 0ms (cache hit)
1568 http cache ajv-formats@https://registry.npmjs.org/ajv-formats/-/ajv-formats-3.0.1.tgz 0ms (cache hit)
1569 http cache cookie@https://registry.npmjs.org/cookie/-/cookie-0.7.1.tgz 0ms (cache hit)
1570 http cache fast-uri@https://registry.npmjs.org/fast-uri/-/fast-uri-2.4.0.tgz 0ms (cache hit)
1571 http cache fast-content-type-parse@https://registry.npmjs.org/fast-content-type-parse/-/fast-content-type-parse-1.1.0.tgz 0ms (cache hit)
1572 http cache debug@https://registry.npmjs.org/debug/-/debug-2.6.9.tgz 0ms (cache hit)
1573 http cache ms@https://registry.npmjs.org/ms/-/ms-2.0.0.tgz 0ms (cache hit)
1574 http cache get-stream@https://registry.npmjs.org/get-stream/-/get-stream-5.2.0.tgz 0ms (cache hit)
1575 http cache get-stream@https://registry.npmjs.org/get-stream/-/get-stream-6.0.1.tgz 0ms (cache hit)
1576 http cache is-stream@https://registry.npmjs.org/is-stream/-/is-stream-2.0.1.tgz 0ms (cache hit)
1577 http cache strip-ansi@https://registry.npmjs.org/strip-ansi/-/strip-ansi-6.0.1.tgz 0ms (cache hit)
1578 http cache ansi-regex@https://registry.npmjs.org/ansi-regex/-/ansi-regex-5.0.1.tgz 0ms (cache hit)
1579 http cache entities@https://registry.npmjs.org/entities/-/entities-4.5.0.tgz 0ms (cache hit)
1580 http cache mimic-response@https://registry.npmjs.org/mimic-response/-/mimic-response-3.1.0.tgz 0ms (cache hit)
1581 http cache css-tree@https://registry.npmjs.org/css-tree/-/css-tree-2.2.1.tgz 0ms (cache hit)
1582 http cache mdn-data@https://registry.npmjs.org/mdn-data/-/mdn-data-2.0.28.tgz 0ms (cache hit)
1583 http cache path-key@https://registry.npmjs.org/path-key/-/path-key-3.1.1.tgz 0ms (cache hit)
1584 http cache is-stream@https://registry.npmjs.org/is-stream/-/is-stream-2.0.1.tgz 0ms (cache hit)
1585 http cache string-width@https://registry.npmjs.org/string-width/-/string-width-4.2.3.tgz 0ms (cache hit)
1586 http cache strip-ansi@https://registry.npmjs.org/strip-ansi/-/strip-ansi-6.0.1.tgz 0ms (cache hit)
1587 http cache wrap-ansi@https://registry.npmjs.org/wrap-ansi/-/wrap-ansi-7.0.0.tgz 0ms (cache hit)
1588 http cache color-convert@https://registry.npmjs.org/color-convert/-/color-convert-2.0.1.tgz 0ms (cache hit)
1589 http cache is-fullwidth-code-point@https://registry.npmjs.org/is-fullwidth-code-point/-/is-fullwidth-code-point-3.0.0.tgz 0ms (cache hit)
1590 http cache emoji-regex@https://registry.npmjs.org/emoji-regex/-/emoji-regex-8.0.0.tgz 0ms (cache hit)
1591 http cache ansi-regex@https://registry.npmjs.org/ansi-regex/-/ansi-regex-5.0.1.tgz 0ms (cache hit)
1592 http cache ansi-styles@https://registry.npmjs.org/ansi-styles/-/ansi-styles-4.3.0.tgz 0ms (cache hit)
1593 http cache color-name@https://registry.npmjs.org/color-name/-/color-name-1.1.3.tgz 0ms (cache hit)
1594 http cache signal-exit@https://registry.npmjs.org/signal-exit/-/signal-exit-4.1.0.tgz 1ms (cache hit)
1595 http cache npm-run-path@https://registry.npmjs.org/npm-run-path/-/npm-run-path-5.3.0.tgz 0ms (cache hit)
1596 http cache strip-final-newline@https://registry.npmjs.org/strip-final-newline/-/strip-final-newline-3.0.0.tgz 0ms (cache hit)
1597 http cache onetime@https://registry.npmjs.org/onetime/-/onetime-6.0.0.tgz 0ms (cache hit)
1598 http cache get-stream@https://registry.npmjs.org/get-stream/-/get-stream-8.0.1.tgz 0ms (cache hit)
1599 http cache execa@https://registry.npmjs.org/execa/-/execa-8.0.1.tgz 0ms (cache hit)
1600 http cache is-stream@https://registry.npmjs.org/is-stream/-/is-stream-3.0.0.tgz 0ms (cache hit)
1601 http cache human-signals@https://registry.npmjs.org/human-signals/-/human-signals-5.0.0.tgz 0ms (cache hit)
1602 http cache get-stream@https://registry.npmjs.org/get-stream/-/get-stream-6.0.1.tgz 0ms (cache hit)
1603 http cache readable-stream@https://registry.npmjs.org/readable-stream/-/readable-stream-3.6.2.tgz 0ms (cache hit)
1604 http cache ms@https://registry.npmjs.org/ms/-/ms-2.0.0.tgz 0ms (cache hit)
1605 http cache raw-body@https://registry.npmjs.org/raw-body/-/raw-body-2.5.2.tgz 1ms (cache hit)
1606 http cache debug@https://registry.npmjs.org/debug/-/debug-2.6.9.tgz 0ms (cache hit)
1607 http cache iconv-lite@https://registry.npmjs.org/iconv-lite/-/iconv-lite-0.4.24.tgz 0ms (cache hit)
1608 http cache chalk@https://registry.npmjs.org/chalk/-/chalk-4.1.2.tgz 0ms (cache hit)
1609 http cache supports-color@https://registry.npmjs.org/supports-color/-/supports-color-7.2.0.tgz 1ms (cache hit)
1610 http cache color-convert@https://registry.npmjs.org/color-convert/-/color-convert-2.0.1.tgz 0ms (cache hit)
1611 http cache ansi-styles@https://registry.npmjs.org/ansi-styles/-/ansi-styles-4.3.0.tgz 0ms (cache hit)
1612 http cache picomatch@https://registry.npmjs.org/picomatch/-/picomatch-2.3.1.tgz 0ms (cache hit)
1613 http cache is-stream@https://registry.npmjs.org/is-stream/-/is-stream-2.0.1.tgz 0ms (cache hit)
1614 http cache strip-ansi@https://registry.npmjs.org/strip-ansi/-/strip-ansi-6.0.1.tgz 0ms (cache hit)
1615 http cache is-fullwidth-code-point@https://registry.npmjs.org/is-fullwidth-code-point/-/is-fullwidth-code-point-3.0.0.tgz 0ms (cache hit)
1616 http cache ansi-regex@https://registry.npmjs.org/ansi-regex/-/ansi-regex-5.0.1.tgz 0ms (cache hit)
1617 http cache string-width@https://registry.npmjs.org/string-width/-/string-width-4.2.3.tgz 0ms (cache hit)
1618 http cache emoji-regex@https://registry.npmjs.org/emoji-regex/-/emoji-regex-8.0.0.tgz 0ms (cache hit)
1619 warn deprecated node-domexception@1.0.0: Use your platform's native DOMException instead
1620 info run @parcel/watcher@2.5.1 install node_modules/netlify-cli/node_modules/@parcel/watcher node scripts/build-from-source.js
1621 info run @parcel/watcher@2.5.1 install { code: 0, signal: null }
1622 info run sharp@0.34.4 install node_modules/netlify-cli/node_modules/sharp node install/check.js
1623 info run sharp@0.34.4 install { code: 0, signal: null }
1624 info run unix-dgram@2.0.7 install node_modules/netlify-cli/node_modules/unix-dgram node-gyp rebuild
1625 info run unix-dgram@2.0.7 install { code: 1, signal: null }
1626 verbose reify failed optional dependency /data/data/com.termux/files/usr/lib/node_modules/netlify-cli/node_modules/unix-dgram
1627 silly reify mark deleted [
1627 silly reify   '/data/data/com.termux/files/usr/lib/node_modules/netlify-cli/node_modules/unix-dgram'
1627 silly reify ]
1628 verbose reify failed optional dependency /data/data/com.termux/files/usr/lib/node_modules/netlify-cli/node_modules/nan
1629 silly reify mark deleted [
1629 silly reify   '/data/data/com.termux/files/usr/lib/node_modules/netlify-cli/node_modules/nan'
1629 silly reify ]
1630 info run netlify-cli@23.9.1 postinstall node_modules/netlify-cli node ./scripts/postinstall.js
1631 info run netlify-cli@23.9.1 postinstall { code: 0, signal: null }
1632 info run esbuild@0.25.10 postinstall node_modules/netlify-cli/node_modules/esbuild node install.js
1633 info run esbuild@0.25.10 postinstall { code: 0, signal: null }
1634 silly CHANGE node_modules/netlify-cli
1635 silly ADD node_modules/netlify-cli/node_modules/unix-dgram
1636 silly ADD node_modules/netlify-cli/node_modules/nan
1637 silly ADD node_modules/netlify-cli/node_modules/fsevents
1638 silly ADD node_modules/netlify-cli/node_modules/@rollup/rollup-win32-x64-msvc
1639 silly ADD node_modules/netlify-cli/node_modules/@rollup/rollup-win32-x64-gnu
1640 silly ADD node_modules/netlify-cli/node_modules/@rollup/rollup-win32-ia32-msvc
1641 silly ADD node_modules/netlify-cli/node_modules/@rollup/rollup-win32-arm64-msvc
1642 silly ADD node_modules/netlify-cli/node_modules/@rollup/rollup-openharmony-arm64
1643 silly ADD node_modules/netlify-cli/node_modules/@rollup/rollup-linux-x64-musl
1644 silly ADD node_modules/netlify-cli/node_modules/@rollup/rollup-linux-x64-gnu
1645 silly ADD node_modules/netlify-cli/node_modules/@rollup/rollup-linux-s390x-gnu
1646 silly ADD node_modules/netlify-cli/node_modules/@rollup/rollup-linux-riscv64-musl
1647 silly ADD node_modules/netlify-cli/node_modules/@rollup/rollup-linux-riscv64-gnu
1648 silly ADD node_modules/netlify-cli/node_modules/@rollup/rollup-linux-ppc64-gnu
1649 silly ADD node_modules/netlify-cli/node_modules/@rollup/rollup-linux-loong64-gnu
1650 silly ADD node_modules/netlify-cli/node_modules/@rollup/rollup-linux-arm64-musl
1651 silly ADD node_modules/netlify-cli/node_modules/@rollup/rollup-linux-arm64-gnu
1652 silly ADD node_modules/netlify-cli/node_modules/@rollup/rollup-linux-arm-musleabihf
1653 silly ADD node_modules/netlify-cli/node_modules/@rollup/rollup-linux-arm-gnueabihf
1654 silly ADD node_modules/netlify-cli/node_modules/@rollup/rollup-freebsd-x64
1655 silly ADD node_modules/netlify-cli/node_modules/@rollup/rollup-freebsd-arm64
1656 silly ADD node_modules/netlify-cli/node_modules/@rollup/rollup-darwin-x64
1657 silly ADD node_modules/netlify-cli/node_modules/@rollup/rollup-darwin-arm64
1658 silly ADD node_modules/netlify-cli/node_modules/@rollup/rollup-android-arm-eabi
1659 silly ADD node_modules/netlify-cli/node_modules/@parcel/watcher-win32-x64
1660 silly ADD node_modules/netlify-cli/node_modules/@parcel/watcher-win32-ia32
1661 silly ADD node_modules/netlify-cli/node_modules/@parcel/watcher-win32-arm64
1662 silly ADD node_modules/netlify-cli/node_modules/@parcel/watcher-linux-x64-musl
1663 silly ADD node_modules/netlify-cli/node_modules/@parcel/watcher-linux-x64-glibc
1664 silly ADD node_modules/netlify-cli/node_modules/@parcel/watcher-linux-arm64-musl
1665 silly ADD node_modules/netlify-cli/node_modules/@parcel/watcher-linux-arm64-glibc
1666 silly ADD node_modules/netlify-cli/node_modules/@parcel/watcher-linux-arm-musl
1667 silly ADD node_modules/netlify-cli/node_modules/@parcel/watcher-linux-arm-glibc
1668 silly ADD node_modules/netlify-cli/node_modules/@parcel/watcher-freebsd-x64
1669 silly ADD node_modules/netlify-cli/node_modules/@parcel/watcher-darwin-x64
1670 silly ADD node_modules/netlify-cli/node_modules/@parcel/watcher-darwin-arm64
1671 silly ADD node_modules/netlify-cli/node_modules/@netlify/local-functions-proxy-win32-x64
1672 silly ADD node_modules/netlify-cli/node_modules/@netlify/local-functions-proxy-win32-ia32
1673 silly ADD node_modules/netlify-cli/node_modules/@netlify/local-functions-proxy-openbsd-x64
1674 silly ADD node_modules/netlify-cli/node_modules/@netlify/local-functions-proxy-linux-x64
1675 silly ADD node_modules/netlify-cli/node_modules/@netlify/local-functions-proxy-linux-ppc64
1676 silly ADD node_modules/netlify-cli/node_modules/@netlify/local-functions-proxy-linux-ia32
1677 silly ADD node_modules/netlify-cli/node_modules/@netlify/local-functions-proxy-linux-arm64
1678 silly ADD node_modules/netlify-cli/node_modules/@netlify/local-functions-proxy-linux-arm
1679 silly ADD node_modules/netlify-cli/node_modules/@netlify/local-functions-proxy-freebsd-x64
1680 silly ADD node_modules/netlify-cli/node_modules/@netlify/local-functions-proxy-freebsd-arm64
1681 silly ADD node_modules/netlify-cli/node_modules/@netlify/local-functions-proxy-darwin-x64
1682 silly ADD node_modules/netlify-cli/node_modules/@netlify/local-functions-proxy-darwin-arm64
1683 silly ADD node_modules/netlify-cli/node_modules/@img/sharp-win32-x64
1684 silly ADD node_modules/netlify-cli/node_modules/@img/sharp-win32-ia32
1685 silly ADD node_modules/netlify-cli/node_modules/@img/sharp-win32-arm64
1686 silly ADD node_modules/netlify-cli/node_modules/@img/sharp-wasm32
1687 silly ADD node_modules/netlify-cli/node_modules/@img/sharp-linuxmusl-x64
1688 silly ADD node_modules/netlify-cli/node_modules/@img/sharp-linuxmusl-arm64
1689 silly ADD node_modules/netlify-cli/node_modules/@img/sharp-linux-x64
1690 silly ADD node_modules/netlify-cli/node_modules/@img/sharp-linux-s390x
1691 silly ADD node_modules/netlify-cli/node_modules/@img/sharp-linux-ppc64
1692 silly ADD node_modules/netlify-cli/node_modules/@img/sharp-linux-arm64
1693 silly ADD node_modules/netlify-cli/node_modules/@img/sharp-linux-arm
1694 silly ADD node_modules/netlify-cli/node_modules/@img/sharp-libvips-linuxmusl-x64
1695 silly ADD node_modules/netlify-cli/node_modules/@img/sharp-libvips-linuxmusl-arm64
1696 silly ADD node_modules/netlify-cli/node_modules/@img/sharp-libvips-linux-x64
1697 silly ADD node_modules/netlify-cli/node_modules/@img/sharp-libvips-linux-s390x
1698 silly ADD node_modules/netlify-cli/node_modules/@img/sharp-libvips-linux-ppc64
1699 silly ADD node_modules/netlify-cli/node_modules/@img/sharp-libvips-linux-arm64
1700 silly ADD node_modules/netlify-cli/node_modules/@img/sharp-libvips-linux-arm
1701 silly ADD node_modules/netlify-cli/node_modules/@img/sharp-libvips-darwin-x64
1702 silly ADD node_modules/netlify-cli/node_modules/@img/sharp-libvips-darwin-arm64
1703 silly ADD node_modules/netlify-cli/node_modules/@img/sharp-darwin-x64
1704 silly ADD node_modules/netlify-cli/node_modules/@img/sharp-darwin-arm64
1705 silly ADD node_modules/netlify-cli/node_modules/@esbuild/win32-x64
1706 silly ADD node_modules/netlify-cli/node_modules/@esbuild/win32-ia32
1707 silly ADD node_modules/netlify-cli/node_modules/@esbuild/win32-arm64
1708 silly ADD node_modules/netlify-cli/node_modules/@esbuild/sunos-x64
1709 silly ADD node_modules/netlify-cli/node_modules/@esbuild/openharmony-arm64
1710 silly ADD node_modules/netlify-cli/node_modules/@esbuild/openbsd-x64
1711 silly ADD node_modules/netlify-cli/node_modules/@esbuild/openbsd-arm64
1712 silly ADD node_modules/netlify-cli/node_modules/@esbuild/netbsd-x64
1713 silly ADD node_modules/netlify-cli/node_modules/@esbuild/netbsd-arm64
1714 silly ADD node_modules/netlify-cli/node_modules/@esbuild/linux-x64
1715 silly ADD node_modules/netlify-cli/node_modules/@esbuild/linux-s390x
1716 silly ADD node_modules/netlify-cli/node_modules/@esbuild/linux-riscv64
1717 silly ADD node_modules/netlify-cli/node_modules/@esbuild/linux-ppc64
1718 silly ADD node_modules/netlify-cli/node_modules/@esbuild/linux-mips64el
1719 silly ADD node_modules/netlify-cli/node_modules/@esbuild/linux-loong64
1720 silly ADD node_modules/netlify-cli/node_modules/@esbuild/linux-ia32
1721 silly ADD node_modules/netlify-cli/node_modules/@esbuild/linux-arm64
1722 silly ADD node_modules/netlify-cli/node_modules/@esbuild/linux-arm
1723 silly ADD node_modules/netlify-cli/node_modules/@esbuild/freebsd-x64
1724 silly ADD node_modules/netlify-cli/node_modules/@esbuild/freebsd-arm64
1725 silly ADD node_modules/netlify-cli/node_modules/@esbuild/darwin-x64
1726 silly ADD node_modules/netlify-cli/node_modules/@esbuild/darwin-arm64
1727 silly ADD node_modules/netlify-cli/node_modules/@esbuild/android-x64
1728 silly ADD node_modules/netlify-cli/node_modules/@esbuild/android-arm
1729 silly ADD node_modules/netlify-cli/node_modules/@esbuild/aix-ppc64
1730 silly ADD node_modules/netlify-cli/node_modules/@emnapi/runtime
1731 silly CHANGE node_modules/netlify-cli/node_modules/@xhmikosr/downloader
1732 silly CHANGE node_modules/netlify-cli/node_modules/@xhmikosr/downloader/node_modules/p-timeout
1733 silly CHANGE node_modules/netlify-cli/node_modules/@xhmikosr/downloader/node_modules/get-stream
1734 silly CHANGE node_modules/netlify-cli/node_modules/@xhmikosr/downloader/node_modules/p-event
1735 silly CHANGE node_modules/netlify-cli/node_modules/@xhmikosr/decompress-unzip
1736 silly CHANGE node_modules/netlify-cli/node_modules/@xhmikosr/decompress-unzip/node_modules/get-stream
1737 silly CHANGE node_modules/netlify-cli/node_modules/@xhmikosr/decompress-targz
1738 silly CHANGE node_modules/netlify-cli/node_modules/@xhmikosr/decompress-targz/node_modules/is-stream
1739 silly CHANGE node_modules/netlify-cli/node_modules/@xhmikosr/decompress-tarbz2
1740 silly CHANGE node_modules/netlify-cli/node_modules/@xhmikosr/decompress-tarbz2/node_modules/is-stream
1741 silly CHANGE node_modules/netlify-cli/node_modules/@xhmikosr/decompress
1742 silly CHANGE node_modules/netlify-cli/node_modules/@xhmikosr/archive-type
1743 silly CHANGE node_modules/netlify-cli/node_modules/@xhmikosr/decompress-tar
1744 silly CHANGE node_modules/netlify-cli/node_modules/@xhmikosr/decompress-tar/node_modules/is-stream
1745 silly CHANGE node_modules/netlify-cli/node_modules/@whatwg-node/promise-helpers
1746 silly CHANGE node_modules/netlify-cli/node_modules/@whatwg-node/server
1747 silly CHANGE node_modules/netlify-cli/node_modules/@whatwg-node/fetch
1748 silly CHANGE node_modules/netlify-cli/node_modules/@whatwg-node/fetch/node_modules/urlpattern-polyfill
1749 silly CHANGE node_modules/netlify-cli/node_modules/@whatwg-node/node-fetch
1750 silly CHANGE node_modules/netlify-cli/node_modules/@whatwg-node/disposablestack
1751 silly CHANGE node_modules/netlify-cli/node_modules/@vue/shared
1752 silly CHANGE node_modules/netlify-cli/node_modules/@vue/compiler-sfc
1753 silly CHANGE node_modules/netlify-cli/node_modules/@vue/compiler-dom
1754 silly CHANGE node_modules/netlify-cli/node_modules/@vue/compiler-ssr
1755 silly CHANGE node_modules/netlify-cli/node_modules/@vue/compiler-core
1756 silly CHANGE node_modules/netlify-cli/node_modules/@vue/compiler-core/node_modules/entities
1757 silly CHANGE node_modules/netlify-cli/node_modules/@typescript-eslint/types
1758 silly CHANGE node_modules/netlify-cli/node_modules/@vercel/nft
1759 silly CHANGE node_modules/netlify-cli/node_modules/@typescript-eslint/visitor-keys
1760 silly CHANGE node_modules/netlify-cli/node_modules/@typescript-eslint/visitor-keys/node_modules/eslint-visitor-keys
1761 silly CHANGE node_modules/netlify-cli/node_modules/@types/yauzl
1762 silly CHANGE node_modules/netlify-cli/node_modules/@typescript-eslint/typescript-estree
1763 silly CHANGE node_modules/netlify-cli/node_modules/@typescript-eslint/tsconfig-utils
1764 silly CHANGE node_modules/netlify-cli/node_modules/@typescript-eslint/project-service
1765 silly CHANGE node_modules/netlify-cli/node_modules/@types/triple-beam
1766 silly CHANGE node_modules/netlify-cli/node_modules/@types/serve-static
1767 silly CHANGE node_modules/netlify-cli/node_modules/@types/send
1768 silly CHANGE node_modules/netlify-cli/node_modules/@types/retry
1769 silly CHANGE node_modules/netlify-cli/node_modules/@types/range-parser
1770 silly CHANGE node_modules/netlify-cli/node_modules/@types/qs
1771 silly CHANGE node_modules/netlify-cli/node_modules/@types/node
1772 silly CHANGE node_modules/netlify-cli/node_modules/@types/mime
1773 silly CHANGE node_modules/netlify-cli/node_modules/@types/http-errors
1774 silly CHANGE node_modules/netlify-cli/node_modules/@types/normalize-package-data
1775 silly CHANGE node_modules/netlify-cli/node_modules/@types/http-proxy
1776 silly CHANGE node_modules/netlify-cli/node_modules/@types/express-serve-static-core
1777 silly CHANGE node_modules/netlify-cli/node_modules/@types/http-cache-semantics
1778 silly CHANGE node_modules/netlify-cli/node_modules/@types/express
1779 silly CHANGE node_modules/netlify-cli/node_modules/@types/body-parser
1780 silly CHANGE node_modules/netlify-cli/node_modules/@types/estree
1781 silly CHANGE node_modules/netlify-cli/node_modules/@types/connect
1782 silly CHANGE node_modules/netlify-cli/node_modules/@tsconfig/node16
1783 silly CHANGE node_modules/netlify-cli/node_modules/@tsconfig/node14
1784 silly CHANGE node_modules/netlify-cli/node_modules/@tsconfig/node12
1785 silly CHANGE node_modules/netlify-cli/node_modules/@tokenizer/token
1786 silly CHANGE node_modules/netlify-cli/node_modules/@tsconfig/node10
1787 silly CHANGE node_modules/netlify-cli/node_modules/@sindresorhus/transliterate
1788 silly CHANGE node_modules/netlify-cli/node_modules/@sindresorhus/merge-streams
1789 silly CHANGE node_modules/netlify-cli/node_modules/@rollup/pluginutils
1790 silly CHANGE node_modules/netlify-cli/node_modules/@szmarczak/http-timer
1791 silly CHANGE node_modules/netlify-cli/node_modules/@pnpm/tabtab
1792 silly CHANGE node_modules/netlify-cli/node_modules/@sindresorhus/is
1793 silly CHANGE node_modules/netlify-cli/node_modules/@pnpm/network.ca-file
1794 silly CHANGE node_modules/netlify-cli/node_modules/@pnpm/network.ca-file/node_modules/graceful-fs
1795 silly CHANGE node_modules/netlify-cli/node_modules/@pkgjs/parseargs
1796 silly CHANGE node_modules/netlify-cli/node_modules/@rollup/rollup-android-arm64
1797 silly CHANGE node_modules/netlify-cli/node_modules/@pnpm/npm-conf
1798 silly CHANGE node_modules/netlify-cli/node_modules/@sec-ant/readable-stream
1799 silly CHANGE node_modules/netlify-cli/node_modules/@parcel/watcher-wasm
1800 silly CHANGE node_modules/netlify-cli/node_modules/@pnpm/config.env-replace
1801 silly CHANGE node_modules/netlify-cli/node_modules/@parcel/watcher-android-arm64
1802 silly CHANGE node_modules/netlify-cli/node_modules/@parcel/watcher
1803 silly CHANGE node_modules/netlify-cli/node_modules/@parcel/watcher/node_modules/detect-libc
1804 silly CHANGE node_modules/netlify-cli/node_modules/@octokit/rest
1805 silly CHANGE node_modules/netlify-cli/node_modules/@opentelemetry/api
1806 silly CHANGE node_modules/netlify-cli/node_modules/@octokit/types
1807 silly CHANGE node_modules/netlify-cli/node_modules/@octokit/request
1808 silly CHANGE node_modules/netlify-cli/node_modules/@octokit/openapi-types
1809 silly CHANGE node_modules/netlify-cli/node_modules/@octokit/request-error
1810 silly CHANGE node_modules/netlify-cli/node_modules/@octokit/plugin-request-log
1811 silly CHANGE node_modules/netlify-cli/node_modules/@octokit/plugin-rest-endpoint-methods
1812 silly CHANGE node_modules/netlify-cli/node_modules/@octokit/auth-token
1813 silly CHANGE node_modules/netlify-cli/node_modules/@octokit/graphql
1814 silly CHANGE node_modules/netlify-cli/node_modules/@octokit/plugin-paginate-rest
1815 silly CHANGE node_modules/netlify-cli/node_modules/@octokit/endpoint
1816 silly CHANGE node_modules/netlify-cli/node_modules/@octokit/core
1817 silly CHANGE node_modules/netlify-cli/node_modules/@nodelib/fs.stat
1818 silly CHANGE node_modules/netlify-cli/node_modules/@nodelib/fs.scandir
1819 silly CHANGE node_modules/netlify-cli/node_modules/@nodelib/fs.walk
1820 silly CHANGE node_modules/netlify-cli/node_modules/@netlify/redirect-parser
1821 silly CHANGE node_modules/netlify-cli/node_modules/@netlify/zip-it-and-ship-it
1822 silly CHANGE node_modules/netlify-cli/node_modules/@netlify/zip-it-and-ship-it/node_modules/@netlify/serverless-functions-api
1823 silly CHANGE node_modules/netlify-cli/node_modules/@netlify/zip-it-and-ship-it/node_modules/is-stream
1824 silly CHANGE node_modules/netlify-cli/node_modules/@netlify/zip-it-and-ship-it/node_modules/strip-final-newline
1825 silly CHANGE node_modules/netlify-cli/node_modules/@netlify/zip-it-and-ship-it/node_modules/signal-exit
1826 silly CHANGE node_modules/netlify-cli/node_modules/@netlify/zip-it-and-ship-it/node_modules/execa
1827 silly CHANGE node_modules/netlify-cli/node_modules/@netlify/zip-it-and-ship-it/node_modules/npm-run-path
1828 silly CHANGE node_modules/netlify-cli/node_modules/@netlify/zip-it-and-ship-it/node_modules/get-stream
1829 silly CHANGE node_modules/netlify-cli/node_modules/@netlify/zip-it-and-ship-it/node_modules/human-signals
1830 silly CHANGE node_modules/netlify-cli/node_modules/@netlify/zip-it-and-ship-it/node_modules/onetime
1831 silly CHANGE node_modules/netlify-cli/node_modules/@netlify/runtime-utils
1832 silly CHANGE node_modules/netlify-cli/node_modules/@netlify/types
1833 silly CHANGE node_modules/netlify-cli/node_modules/@netlify/run-utils
1834 silly CHANGE node_modules/netlify-cli/node_modules/@netlify/run-utils/node_modules/is-stream
1835 silly CHANGE node_modules/netlify-cli/node_modules/@netlify/run-utils/node_modules/strip-final-newline
1836 silly CHANGE node_modules/netlify-cli/node_modules/@netlify/run-utils/node_modules/onetime
1837 silly CHANGE node_modules/netlify-cli/node_modules/@netlify/run-utils/node_modules/human-signals
1838 silly CHANGE node_modules/netlify-cli/node_modules/@netlify/run-utils/node_modules/signal-exit
1839 silly CHANGE node_modules/netlify-cli/node_modules/@netlify/run-utils/node_modules/execa
1840 silly CHANGE node_modules/netlify-cli/node_modules/@netlify/run-utils/node_modules/npm-run-path
1841 silly CHANGE node_modules/netlify-cli/node_modules/@netlify/run-utils/node_modules/get-stream
1842 silly CHANGE node_modules/netlify-cli/node_modules/@netlify/plugins-list
1843 silly CHANGE node_modules/netlify-cli/node_modules/@netlify/open-api
1844 silly CHANGE node_modules/netlify-cli/node_modules/@netlify/opentelemetry-utils
1845 silly CHANGE node_modules/netlify-cli/node_modules/@netlify/edge-functions-bootstrap
1846 silly CHANGE node_modules/netlify-cli/node_modules/@netlify/local-functions-proxy
1847 silly CHANGE node_modules/netlify-cli/node_modules/@netlify/headers-parser
1848 silly CHANGE node_modules/netlify-cli/node_modules/@netlify/git-utils
1849 silly CHANGE node_modules/netlify-cli/node_modules/@netlify/git-utils/node_modules/npm-run-path
1850 silly CHANGE node_modules/netlify-cli/node_modules/@netlify/git-utils/node_modules/is-stream
1851 silly CHANGE node_modules/netlify-cli/node_modules/@netlify/git-utils/node_modules/get-stream
1852 silly CHANGE node_modules/netlify-cli/node_modules/@netlify/git-utils/node_modules/signal-exit
1853 silly CHANGE node_modules/netlify-cli/node_modules/@netlify/git-utils/node_modules/strip-final-newline
1854 silly CHANGE node_modules/netlify-cli/node_modules/@netlify/git-utils/node_modules/onetime
1855 silly CHANGE node_modules/netlify-cli/node_modules/@netlify/git-utils/node_modules/execa
1856 silly CHANGE node_modules/netlify-cli/node_modules/@netlify/git-utils/node_modules/human-signals
1857 silly CHANGE node_modules/netlify-cli/node_modules/@netlify/functions-utils
1858 silly CHANGE node_modules/netlify-cli/node_modules/@netlify/edge-bundler
1859 silly CHANGE node_modules/netlify-cli/node_modules/@netlify/edge-bundler/node_modules/npm-run-path
1860 silly CHANGE node_modules/netlify-cli/node_modules/@netlify/edge-bundler/node_modules/strip-final-newline
1861 silly CHANGE node_modules/netlify-cli/node_modules/@netlify/edge-bundler/node_modules/onetime
1862 silly CHANGE node_modules/netlify-cli/node_modules/@netlify/edge-bundler/node_modules/signal-exit
1863 silly CHANGE node_modules/netlify-cli/node_modules/@netlify/edge-bundler/node_modules/human-signals
1864 silly CHANGE node_modules/netlify-cli/node_modules/@netlify/edge-bundler/node_modules/get-stream
1865 silly CHANGE node_modules/netlify-cli/node_modules/@netlify/edge-bundler/node_modules/is-stream
1866 silly CHANGE node_modules/netlify-cli/node_modules/@netlify/edge-bundler/node_modules/get-port
1867 silly CHANGE node_modules/netlify-cli/node_modules/@netlify/edge-bundler/node_modules/execa
1868 silly CHANGE node_modules/netlify-cli/node_modules/@netlify/cache-utils
1869 silly CHANGE node_modules/netlify-cli/node_modules/@netlify/edge-functions
1870 silly CHANGE node_modules/netlify-cli/node_modules/@netlify/edge-functions/node_modules/@netlify/edge-functions-bootstrap
1871 silly CHANGE node_modules/netlify-cli/node_modules/@netlify/edge-functions/node_modules/get-port
1872 silly CHANGE node_modules/netlify-cli/node_modules/@netlify/dev-utils
1873 silly CHANGE node_modules/netlify-cli/node_modules/@netlify/config
1874 silly CHANGE node_modules/netlify-cli/node_modules/@netlify/config/node_modules/strip-final-newline
1875 silly CHANGE node_modules/netlify-cli/node_modules/@netlify/config/node_modules/zod
1876 silly CHANGE node_modules/netlify-cli/node_modules/@netlify/config/node_modules/is-stream
1877 silly CHANGE node_modules/netlify-cli/node_modules/@netlify/config/node_modules/onetime
1878 silly CHANGE node_modules/netlify-cli/node_modules/@netlify/config/node_modules/npm-run-path
1879 silly CHANGE node_modules/netlify-cli/node_modules/@netlify/config/node_modules/human-signals
1880 silly CHANGE node_modules/netlify-cli/node_modules/@netlify/config/node_modules/signal-exit
1881 silly CHANGE node_modules/netlify-cli/node_modules/@netlify/config/node_modules/get-stream
1882 silly CHANGE node_modules/netlify-cli/node_modules/@netlify/config/node_modules/execa
1883 silly CHANGE node_modules/netlify-cli/node_modules/@netlify/blobs
1884 silly CHANGE node_modules/netlify-cli/node_modules/@netlify/build-info
1885 silly CHANGE node_modules/netlify-cli/node_modules/@netlify/api
1886 silly CHANGE node_modules/netlify-cli/node_modules/@netlify/build
1887 silly CHANGE node_modules/netlify-cli/node_modules/@netlify/build/node_modules/@sindresorhus/slugify
1888 silly CHANGE node_modules/netlify-cli/node_modules/@netlify/build/node_modules/signal-exit
1889 silly CHANGE node_modules/netlify-cli/node_modules/@netlify/build/node_modules/onetime
1890 silly CHANGE node_modules/netlify-cli/node_modules/@netlify/build/node_modules/execa
1891 silly CHANGE node_modules/netlify-cli/node_modules/@netlify/build/node_modules/strip-final-newline
1892 silly CHANGE node_modules/netlify-cli/node_modules/@netlify/build/node_modules/npm-run-path
1893 silly CHANGE node_modules/netlify-cli/node_modules/@netlify/build/node_modules/human-signals
1894 silly CHANGE node_modules/netlify-cli/node_modules/@netlify/build/node_modules/get-stream
1895 silly CHANGE node_modules/netlify-cli/node_modules/@netlify/build/node_modules/is-stream
1896 silly CHANGE node_modules/netlify-cli/node_modules/@netlify/ai
1897 silly CHANGE node_modules/netlify-cli/node_modules/@netlify/binary-info
1898 silly CHANGE node_modules/netlify-cli/node_modules/@lukeed/ms
1899 silly CHANGE node_modules/netlify-cli/node_modules/@mapbox/node-pre-gyp
1900 silly CHANGE node_modules/netlify-cli/node_modules/@mapbox/node-pre-gyp/node_modules/node-fetch
1901 silly CHANGE node_modules/netlify-cli/node_modules/@inquirer/external-editor
1902 silly CHANGE node_modules/netlify-cli/node_modules/@inquirer/external-editor/node_modules/iconv-lite
1903 silly CHANGE node_modules/netlify-cli/node_modules/@jridgewell/resolve-uri
1904 silly CHANGE node_modules/netlify-cli/node_modules/@isaacs/cliui
1905 silly CHANGE node_modules/netlify-cli/node_modules/@isaacs/cliui/node_modules/emoji-regex
1906 silly CHANGE node_modules/netlify-cli/node_modules/@isaacs/cliui/node_modules/wrap-ansi
1907 silly CHANGE node_modules/netlify-cli/node_modules/@isaacs/cliui/node_modules/string-width
1908 silly CHANGE node_modules/netlify-cli/node_modules/@jridgewell/sourcemap-codec
1909 silly CHANGE node_modules/netlify-cli/node_modules/@img/colour
1910 silly CHANGE node_modules/netlify-cli/node_modules/@isaacs/fs-minipass
1911 silly CHANGE node_modules/netlify-cli/node_modules/@iarna/toml
1912 silly CHANGE node_modules/netlify-cli/node_modules/@import-maps/resolve
1913 silly CHANGE node_modules/netlify-cli/node_modules/@fastify/static
1914 silly CHANGE node_modules/netlify-cli/node_modules/@humanwhocodes/momoa
1915 silly CHANGE node_modules/netlify-cli/node_modules/@fastify/error
1916 silly CHANGE node_modules/netlify-cli/node_modules/@fastify/merge-json-schemas
1917 silly CHANGE node_modules/netlify-cli/node_modules/@fastify/send
1918 silly CHANGE node_modules/netlify-cli/node_modules/@fastify/fast-json-stringify-compiler
1919 silly CHANGE node_modules/netlify-cli/node_modules/@esbuild/android-arm64
1920 silly CHANGE node_modules/netlify-cli/node_modules/@fastify/accept-negotiator
1921 silly CHANGE node_modules/netlify-cli/node_modules/@fastify/ajv-compiler
1922 silly CHANGE node_modules/netlify-cli/node_modules/@fastify/ajv-compiler/node_modules/fast-uri
1923 silly CHANGE node_modules/netlify-cli/node_modules/@fastify/busboy
1924 silly CHANGE node_modules/netlify-cli/node_modules/@envelop/instrumentation
1925 silly CHANGE node_modules/netlify-cli/node_modules/@dependents/detective-less
1926 silly CHANGE node_modules/netlify-cli/node_modules/@dabh/diagnostics
1927 silly CHANGE node_modules/netlify-cli/node_modules/@cspotcode/source-map-support
1928 silly CHANGE node_modules/netlify-cli/node_modules/@cspotcode/source-map-support/node_modules/@jridgewell/trace-mapping
1929 silly CHANGE node_modules/netlify-cli/node_modules/@colors/colors
1930 silly CHANGE node_modules/netlify-cli/node_modules/@bugsnag/js
1931 silly CHANGE node_modules/netlify-cli/node_modules/@bugsnag/safe-json-stringify
1932 silly CHANGE node_modules/netlify-cli/node_modules/@bugsnag/node
1933 silly CHANGE node_modules/netlify-cli/node_modules/@bugsnag/core
1934 silly CHANGE node_modules/netlify-cli/node_modules/@babel/parser
1935 silly CHANGE node_modules/netlify-cli/node_modules/@bugsnag/cuid
1936 silly CHANGE node_modules/netlify-cli/node_modules/@bugsnag/browser
1937 silly CHANGE node_modules/netlify-cli/node_modules/@babel/helper-string-parser
1938 silly CHANGE node_modules/netlify-cli/node_modules/@babel/types
1939 silly CHANGE node_modules/netlify-cli/node_modules/@babel/code-frame
1940 silly CHANGE node_modules/netlify-cli/node_modules/@babel/helper-validator-identifier
1941 silly CHANGE node_modules/netlify-cli/node_modules/yocto-queue
1942 silly CHANGE node_modules/netlify-cli/node_modules/zip-stream
1943 silly CHANGE node_modules/netlify-cli/node_modules/zod
1944 silly CHANGE node_modules/netlify-cli/node_modules/yaml
1945 silly CHANGE node_modules/netlify-cli/node_modules/yauzl
1946 silly CHANGE node_modules/netlify-cli/node_modules/yauzl/node_modules/buffer-crc32
1947 silly CHANGE node_modules/netlify-cli/node_modules/yn
1948 silly CHANGE node_modules/netlify-cli/node_modules/yargs-parser
1949 silly CHANGE node_modules/netlify-cli/node_modules/xtend
1950 silly CHANGE node_modules/netlify-cli/node_modules/yargs
1951 silly CHANGE node_modules/netlify-cli/node_modules/yargs/node_modules/is-fullwidth-code-point
1952 silly CHANGE node_modules/netlify-cli/node_modules/yargs/node_modules/strip-ansi
1953 silly CHANGE node_modules/netlify-cli/node_modules/yargs/node_modules/ansi-regex
1954 silly CHANGE node_modules/netlify-cli/node_modules/yargs/node_modules/emoji-regex
1955 silly CHANGE node_modules/netlify-cli/node_modules/yargs/node_modules/string-width
1956 silly CHANGE node_modules/netlify-cli/node_modules/xss
1957 silly CHANGE node_modules/netlify-cli/node_modules/xss/node_modules/commander
1958 silly CHANGE node_modules/netlify-cli/node_modules/y18n
1959 silly CHANGE node_modules/netlify-cli/node_modules/ws
1960 silly CHANGE node_modules/netlify-cli/node_modules/wsl-utils
1961 silly CHANGE node_modules/netlify-cli/node_modules/write-file-atomic
1962 silly CHANGE node_modules/netlify-cli/node_modules/write-file-atomic/node_modules/signal-exit
1963 silly CHANGE node_modules/netlify-cli/node_modules/xdg-basedir
1964 silly CHANGE node_modules/netlify-cli/node_modules/wrappy
1965 silly CHANGE node_modules/netlify-cli/node_modules/wrap-ansi
1966 silly CHANGE node_modules/netlify-cli/node_modules/winston
1967 silly CHANGE node_modules/netlify-cli/node_modules/winston/node_modules/is-stream
1968 silly CHANGE node_modules/netlify-cli/node_modules/winston/node_modules/readable-stream
1969 silly CHANGE node_modules/netlify-cli/node_modules/wrap-ansi-cjs
1970 silly CHANGE node_modules/netlify-cli/node_modules/wrap-ansi-cjs/node_modules/strip-ansi
1971 silly CHANGE node_modules/netlify-cli/node_modules/wrap-ansi-cjs/node_modules/color-convert
1972 silly CHANGE node_modules/netlify-cli/node_modules/wrap-ansi-cjs/node_modules/ansi-styles
1973 silly CHANGE node_modules/netlify-cli/node_modules/wrap-ansi-cjs/node_modules/string-width
1974 silly CHANGE node_modules/netlify-cli/node_modules/wrap-ansi-cjs/node_modules/ansi-regex
1975 silly CHANGE node_modules/netlify-cli/node_modules/wrap-ansi-cjs/node_modules/emoji-regex
1976 silly CHANGE node_modules/netlify-cli/node_modules/wrap-ansi-cjs/node_modules/is-fullwidth-code-point
1977 silly CHANGE node_modules/netlify-cli/node_modules/windows-release
1978 silly CHANGE node_modules/netlify-cli/node_modules/windows-release/node_modules/human-signals
1979 silly CHANGE node_modules/netlify-cli/node_modules/windows-release/node_modules/signal-exit
1980 silly CHANGE node_modules/netlify-cli/node_modules/windows-release/node_modules/npm-run-path
1981 silly CHANGE node_modules/netlify-cli/node_modules/windows-release/node_modules/get-stream
1982 silly CHANGE node_modules/netlify-cli/node_modules/windows-release/node_modules/strip-final-newline
1983 silly CHANGE node_modules/netlify-cli/node_modules/windows-release/node_modules/onetime
1984 silly CHANGE node_modules/netlify-cli/node_modules/windows-release/node_modules/is-stream
1985 silly CHANGE node_modules/netlify-cli/node_modules/windows-release/node_modules/execa
1986 silly CHANGE node_modules/netlify-cli/node_modules/which
1987 silly CHANGE node_modules/netlify-cli/node_modules/which/node_modules/isexe
1988 silly CHANGE node_modules/netlify-cli/node_modules/winston-transport
1989 silly CHANGE node_modules/netlify-cli/node_modules/winston-transport/node_modules/readable-stream
1990 silly CHANGE node_modules/netlify-cli/node_modules/widest-line
1991 silly CHANGE node_modules/netlify-cli/node_modules/whatwg-url
1992 silly CHANGE node_modules/netlify-cli/node_modules/when-exit
1993 silly CHANGE node_modules/netlify-cli/node_modules/wcwidth
1994 silly CHANGE node_modules/netlify-cli/node_modules/webidl-conversions
1995 silly CHANGE node_modules/netlify-cli/node_modules/web-streams-polyfill
1996 silly CHANGE node_modules/netlify-cli/node_modules/wait-port
1997 silly CHANGE node_modules/netlify-cli/node_modules/wait-port/node_modules/supports-color
1998 silly CHANGE node_modules/netlify-cli/node_modules/wait-port/node_modules/commander
1999 silly CHANGE node_modules/netlify-cli/node_modules/wait-port/node_modules/chalk
2000 silly CHANGE node_modules/netlify-cli/node_modules/wait-port/node_modules/color-convert
2001 silly CHANGE node_modules/netlify-cli/node_modules/wait-port/node_modules/ansi-styles
2002 silly CHANGE node_modules/netlify-cli/node_modules/vary
2003 silly CHANGE node_modules/netlify-cli/node_modules/validate-npm-package-name
2004 silly CHANGE node_modules/netlify-cli/node_modules/v8-compile-cache-lib
2005 silly CHANGE node_modules/netlify-cli/node_modules/validate-npm-package-license
2006 silly CHANGE node_modules/netlify-cli/node_modules/uuid
2007 silly CHANGE node_modules/netlify-cli/node_modules/utils-merge
2008 silly CHANGE node_modules/netlify-cli/node_modules/urlpattern-polyfill
2009 silly CHANGE node_modules/netlify-cli/node_modules/util-deprecate
2010 silly CHANGE node_modules/netlify-cli/node_modules/untun
2011 silly CHANGE node_modules/netlify-cli/node_modules/untun/node_modules/pathe
2012 silly CHANGE node_modules/netlify-cli/node_modules/update-notifier
2013 silly CHANGE node_modules/netlify-cli/node_modules/uqr
2014 silly CHANGE node_modules/netlify-cli/node_modules/untildify
2015 silly CHANGE node_modules/netlify-cli/node_modules/unstorage
2016 silly CHANGE node_modules/netlify-cli/node_modules/unstorage/node_modules/lru-cache
2017 silly CHANGE node_modules/netlify-cli/node_modules/unpipe
2018 silly CHANGE node_modules/netlify-cli/node_modules/universal-user-agent
2019 silly CHANGE node_modules/netlify-cli/node_modules/unicorn-magic
2020 silly CHANGE node_modules/netlify-cli/node_modules/unixify
2021 silly CHANGE node_modules/netlify-cli/node_modules/unixify/node_modules/normalize-path
2022 silly CHANGE node_modules/netlify-cli/node_modules/undici-types
2023 silly CHANGE node_modules/netlify-cli/node_modules/uncrypto
2024 silly CHANGE node_modules/netlify-cli/node_modules/ulid
2025 silly CHANGE node_modules/netlify-cli/node_modules/uid-safe
2026 silly CHANGE node_modules/netlify-cli/node_modules/unbzip2-stream
2027 silly CHANGE node_modules/netlify-cli/node_modules/typescript
2028 silly CHANGE node_modules/netlify-cli/node_modules/type-fest
2029 silly CHANGE node_modules/netlify-cli/node_modules/ufo
2030 silly CHANGE node_modules/netlify-cli/node_modules/type-is
2031 silly CHANGE node_modules/netlify-cli/node_modules/ts-api-utils
2032 silly CHANGE node_modules/netlify-cli/node_modules/ts-node
2033 silly CHANGE node_modules/netlify-cli/node_modules/tslib
2034 silly CHANGE node_modules/netlify-cli/node_modules/triple-beam
2035 silly CHANGE node_modules/netlify-cli/node_modules/token-types
2036 silly CHANGE node_modules/netlify-cli/node_modules/toml
2037 silly CHANGE node_modules/netlify-cli/node_modules/tomlify-j0.4
2038 silly CHANGE node_modules/netlify-cli/node_modules/trim-repeated
2039 silly CHANGE node_modules/netlify-cli/node_modules/tr46
2040 silly CHANGE node_modules/netlify-cli/node_modules/toad-cache
2041 silly CHANGE node_modules/netlify-cli/node_modules/to-regex-range
2042 silly CHANGE node_modules/netlify-cli/node_modules/toidentifier
2043 silly CHANGE node_modules/netlify-cli/node_modules/tmp-promise
2044 silly CHANGE node_modules/netlify-cli/node_modules/through2
2045 silly CHANGE node_modules/netlify-cli/node_modules/through2/node_modules/readable-stream
2046 silly CHANGE node_modules/netlify-cli/node_modules/through2/node_modules/safe-buffer
2047 silly CHANGE node_modules/netlify-cli/node_modules/through2/node_modules/string_decoder
2048 silly CHANGE node_modules/netlify-cli/node_modules/thread-stream
2049 silly CHANGE node_modules/netlify-cli/node_modules/through
2050 silly CHANGE node_modules/netlify-cli/node_modules/text-hex
2051 silly CHANGE node_modules/netlify-cli/node_modules/tmp
2052 silly CHANGE node_modules/netlify-cli/node_modules/tar-stream
2053 silly CHANGE node_modules/netlify-cli/node_modules/system-architecture
2054 silly CHANGE node_modules/netlify-cli/node_modules/tar
2055 silly CHANGE node_modules/netlify-cli/node_modules/tar/node_modules/yallist
2056 silly CHANGE node_modules/netlify-cli/node_modules/terminal-link
2057 silly CHANGE node_modules/netlify-cli/node_modules/supports-hyperlinks
2058 silly CHANGE node_modules/netlify-cli/node_modules/supports-hyperlinks/node_modules/supports-color
2059 silly CHANGE node_modules/netlify-cli/node_modules/text-decoder
2060 silly CHANGE node_modules/netlify-cli/node_modules/supports-preserve-symlinks-flag
2061 silly CHANGE node_modules/netlify-cli/node_modules/stubborn-fs
2062 silly CHANGE node_modules/netlify-cli/node_modules/strtok3
2063 silly CHANGE node_modules/netlify-cli/node_modules/supports-color
2064 silly CHANGE node_modules/netlify-cli/node_modules/svgo
2065 silly CHANGE node_modules/netlify-cli/node_modules/svgo/node_modules/commander
2066 silly CHANGE node_modules/netlify-cli/node_modules/strip-ansi-cjs
2067 silly CHANGE node_modules/netlify-cli/node_modules/strip-ansi-cjs/node_modules/ansi-regex
2068 silly CHANGE node_modules/netlify-cli/node_modules/strip-dirs
2069 silly CHANGE node_modules/netlify-cli/node_modules/strip-dirs/node_modules/is-plain-obj
2070 silly CHANGE node_modules/netlify-cli/node_modules/strip-final-newline
2071 silly CHANGE node_modules/netlify-cli/node_modules/strip-outer
2072 silly CHANGE node_modules/netlify-cli/node_modules/strip-ansi
2073 silly CHANGE node_modules/netlify-cli/node_modules/string-width
2074 silly CHANGE node_modules/netlify-cli/node_modules/string_decoder
2075 silly CHANGE node_modules/netlify-cli/node_modules/statuses
2076 silly CHANGE node_modules/netlify-cli/node_modules/streamx
2077 silly CHANGE node_modules/netlify-cli/node_modules/stackframe
2078 silly CHANGE node_modules/netlify-cli/node_modules/split2
2079 silly CHANGE node_modules/netlify-cli/node_modules/string-width-cjs
2080 silly CHANGE node_modules/netlify-cli/node_modules/string-width-cjs/node_modules/strip-ansi
2081 silly CHANGE node_modules/netlify-cli/node_modules/string-width-cjs/node_modules/is-fullwidth-code-point
2082 silly CHANGE node_modules/netlify-cli/node_modules/string-width-cjs/node_modules/emoji-regex
2083 silly CHANGE node_modules/netlify-cli/node_modules/string-width-cjs/node_modules/ansi-regex
2084 silly CHANGE node_modules/netlify-cli/node_modules/std-env
2085 silly CHANGE node_modules/netlify-cli/node_modules/stack-generator
2086 silly CHANGE node_modules/netlify-cli/node_modules/spdx-license-ids
2087 silly CHANGE node_modules/netlify-cli/node_modules/stack-trace
2088 silly CHANGE node_modules/netlify-cli/node_modules/spdx-correct
2089 silly CHANGE node_modules/netlify-cli/node_modules/spdx-expression-parse
2090 silly CHANGE node_modules/netlify-cli/node_modules/spdx-exceptions
2091 silly CHANGE node_modules/netlify-cli/node_modules/sort-keys-length
2092 silly CHANGE node_modules/netlify-cli/node_modules/source-map
2093 silly CHANGE node_modules/netlify-cli/node_modules/slice-ansi
2094 silly CHANGE node_modules/netlify-cli/node_modules/source-map-support
2095 silly CHANGE node_modules/netlify-cli/node_modules/source-map-js
2096 silly CHANGE node_modules/netlify-cli/node_modules/sort-keys
2097 silly CHANGE node_modules/netlify-cli/node_modules/sort-keys/node_modules/is-plain-obj
2098 silly CHANGE node_modules/netlify-cli/node_modules/signal-exit
2099 silly CHANGE node_modules/netlify-cli/node_modules/sonic-boom
2100 silly CHANGE node_modules/netlify-cli/node_modules/simple-swizzle
2101 silly CHANGE node_modules/netlify-cli/node_modules/slashes
2102 silly CHANGE node_modules/netlify-cli/node_modules/slash
2103 silly CHANGE node_modules/netlify-cli/node_modules/side-channel-weakmap
2104 silly CHANGE node_modules/netlify-cli/node_modules/shebang-command
2105 silly CHANGE node_modules/netlify-cli/node_modules/side-channel-map
2106 silly CHANGE node_modules/netlify-cli/node_modules/side-channel-list
2107 silly CHANGE node_modules/netlify-cli/node_modules/side-channel
2108 silly CHANGE node_modules/netlify-cli/node_modules/shebang-regex
2109 silly CHANGE node_modules/netlify-cli/node_modules/set-error-message
2110 silly CHANGE node_modules/netlify-cli/node_modules/sharp
2111 silly CHANGE node_modules/netlify-cli/node_modules/send
2112 silly CHANGE node_modules/netlify-cli/node_modules/send/node_modules/mime
2113 silly CHANGE node_modules/netlify-cli/node_modules/send/node_modules/encodeurl
2114 silly CHANGE node_modules/netlify-cli/node_modules/send/node_modules/debug
2115 silly CHANGE node_modules/netlify-cli/node_modules/send/node_modules/debug/node_modules/ms
2116 silly CHANGE node_modules/netlify-cli/node_modules/setprototypeof
2117 silly CHANGE node_modules/netlify-cli/node_modules/sax
2118 silly CHANGE node_modules/netlify-cli/node_modules/serve-static
2119 silly CHANGE node_modules/netlify-cli/node_modules/set-cookie-parser
2120 silly CHANGE node_modules/netlify-cli/node_modules/semver
2121 silly CHANGE node_modules/netlify-cli/node_modules/seek-bzip
2122 silly CHANGE node_modules/netlify-cli/node_modules/seek-bzip/node_modules/commander
2123 silly CHANGE node_modules/netlify-cli/node_modules/secure-json-parse
2124 silly CHANGE node_modules/netlify-cli/node_modules/safe-regex2
2125 silly CHANGE node_modules/netlify-cli/node_modules/safer-buffer
2126 silly CHANGE node_modules/netlify-cli/node_modules/safe-stable-stringify
2127 silly CHANGE node_modules/netlify-cli/node_modules/safe-buffer
2128 silly CHANGE node_modules/netlify-cli/node_modules/safe-json-stringify
2129 silly CHANGE node_modules/netlify-cli/node_modules/run-async
2130 silly CHANGE node_modules/netlify-cli/node_modules/rxjs
2131 silly CHANGE node_modules/netlify-cli/node_modules/run-parallel
2132 silly CHANGE node_modules/netlify-cli/node_modules/run-applescript
2133 silly CHANGE node_modules/netlify-cli/node_modules/rfdc
2134 silly CHANGE node_modules/netlify-cli/node_modules/rollup
2135 silly CHANGE node_modules/netlify-cli/node_modules/retry
2136 silly CHANGE node_modules/netlify-cli/node_modules/reusify
2137 silly CHANGE node_modules/netlify-cli/node_modules/ret
2138 silly CHANGE node_modules/netlify-cli/node_modules/restore-cursor
2139 silly CHANGE node_modules/netlify-cli/node_modules/responselike
2140 silly CHANGE node_modules/netlify-cli/node_modules/resolve-alpn
2141 silly CHANGE node_modules/netlify-cli/node_modules/resolve-from
2142 silly CHANGE node_modules/netlify-cli/node_modules/require-package-name
2143 silly CHANGE node_modules/netlify-cli/node_modules/resolve
2144 silly CHANGE node_modules/netlify-cli/node_modules/requires-port
2145 silly CHANGE node_modules/netlify-cli/node_modules/registry-url
2146 silly CHANGE node_modules/netlify-cli/node_modules/require-from-string
2147 silly CHANGE node_modules/netlify-cli/node_modules/require-directory
2148 silly CHANGE node_modules/netlify-cli/node_modules/remove-trailing-separator
2149 silly CHANGE node_modules/netlify-cli/node_modules/real-require
2150 silly CHANGE node_modules/netlify-cli/node_modules/registry-auth-token
2151 silly CHANGE node_modules/netlify-cli/node_modules/readdirp
2152 silly CHANGE node_modules/netlify-cli/node_modules/readdir-glob
2153 silly CHANGE node_modules/netlify-cli/node_modules/readdir-glob/node_modules/minimatch
2154 silly CHANGE node_modules/netlify-cli/node_modules/readable-web-to-node-stream
2155 silly CHANGE node_modules/netlify-cli/node_modules/read-package-up
2156 silly CHANGE node_modules/netlify-cli/node_modules/readable-stream
2157 silly CHANGE node_modules/netlify-cli/node_modules/readable-stream/node_modules/buffer
2158 silly CHANGE node_modules/netlify-cli/node_modules/read-pkg
2159 silly CHANGE node_modules/netlify-cli/node_modules/read-pkg/node_modules/normalize-package-data
2160 silly CHANGE node_modules/netlify-cli/node_modules/read-pkg/node_modules/hosted-git-info
2161 silly CHANGE node_modules/netlify-cli/node_modules/read-pkg/node_modules/lru-cache
2162 silly CHANGE node_modules/netlify-cli/node_modules/rc
2163 silly CHANGE node_modules/netlify-cli/node_modules/rc/node_modules/strip-json-comments
2164 silly CHANGE node_modules/netlify-cli/node_modules/random-bytes
2165 silly CHANGE node_modules/netlify-cli/node_modules/range-parser
2166 silly CHANGE node_modules/netlify-cli/node_modules/raw-body
2167 silly CHANGE node_modules/netlify-cli/node_modules/raw-body/node_modules/iconv-lite
2168 silly CHANGE node_modules/netlify-cli/node_modules/quote-unquote
2169 silly CHANGE node_modules/netlify-cli/node_modules/quick-lru
2170 silly CHANGE node_modules/netlify-cli/node_modules/radix3
2171 silly CHANGE node_modules/netlify-cli/node_modules/queue-microtask
2172 silly CHANGE node_modules/netlify-cli/node_modules/quick-format-unescaped
2173 silly CHANGE node_modules/netlify-cli/node_modules/pupa
2174 silly CHANGE node_modules/netlify-cli/node_modules/qs
2175 silly CHANGE node_modules/netlify-cli/node_modules/pump
2176 silly CHANGE node_modules/netlify-cli/node_modules/ps-list
2177 silly CHANGE node_modules/netlify-cli/node_modules/proxy-addr
2178 silly CHANGE node_modules/netlify-cli/node_modules/proto-list
2179 silly CHANGE node_modules/netlify-cli/node_modules/process
2180 silly CHANGE node_modules/netlify-cli/node_modules/process-warning
2181 silly CHANGE node_modules/netlify-cli/node_modules/process-nextick-args
2182 silly CHANGE node_modules/netlify-cli/node_modules/prettyjson
2183 silly CHANGE node_modules/netlify-cli/node_modules/pretty-ms
2184 silly CHANGE node_modules/netlify-cli/node_modules/postcss-values-parser
2185 silly CHANGE node_modules/netlify-cli/node_modules/precond
2186 silly CHANGE node_modules/netlify-cli/node_modules/precinct
2187 silly CHANGE node_modules/netlify-cli/node_modules/postcss
2188 silly CHANGE node_modules/netlify-cli/node_modules/pino-std-serializers
2189 silly CHANGE node_modules/netlify-cli/node_modules/pkg-types
2190 silly CHANGE node_modules/netlify-cli/node_modules/picoquery
2191 silly CHANGE node_modules/netlify-cli/node_modules/pino-abstract-transport
2192 silly CHANGE node_modules/netlify-cli/node_modules/pino-abstract-transport/node_modules/split2
2193 silly CHANGE node_modules/netlify-cli/node_modules/pino
2194 silly CHANGE node_modules/netlify-cli/node_modules/pino/node_modules/process-warning
2195 silly CHANGE node_modules/netlify-cli/node_modules/picocolors
2196 silly CHANGE node_modules/netlify-cli/node_modules/picomatch
2197 silly CHANGE node_modules/netlify-cli/node_modules/path-to-regexp
2198 silly CHANGE node_modules/netlify-cli/node_modules/path-type
2199 silly CHANGE node_modules/netlify-cli/node_modules/peek-readable
2200 silly CHANGE node_modules/netlify-cli/node_modules/pend
2201 silly CHANGE node_modules/netlify-cli/node_modules/pathe
2202 silly CHANGE node_modules/netlify-cli/node_modules/path-key
2203 silly CHANGE node_modules/netlify-cli/node_modules/path-exists
2204 silly CHANGE node_modules/netlify-cli/node_modules/parse-ms
2205 silly CHANGE node_modules/netlify-cli/node_modules/parseurl
2206 silly CHANGE node_modules/netlify-cli/node_modules/path-scurry
2207 silly CHANGE node_modules/netlify-cli/node_modules/path-scurry/node_modules/lru-cache
2208 silly CHANGE node_modules/netlify-cli/node_modules/path-parse
2209 silly CHANGE node_modules/netlify-cli/node_modules/parse-json
2210 silly CHANGE node_modules/netlify-cli/node_modules/parse-github-url
2211 silly CHANGE node_modules/netlify-cli/node_modules/parse-gitignore
2212 silly CHANGE node_modules/netlify-cli/node_modules/parallel-transform
2213 silly CHANGE node_modules/netlify-cli/node_modules/parallel-transform/node_modules/string_decoder
2214 silly CHANGE node_modules/netlify-cli/node_modules/parallel-transform/node_modules/readable-stream
2215 silly CHANGE node_modules/netlify-cli/node_modules/parallel-transform/node_modules/safe-buffer
2216 silly CHANGE node_modules/netlify-cli/node_modules/parse-imports
2217 silly CHANGE node_modules/netlify-cli/node_modules/package-directory
2218 silly CHANGE node_modules/netlify-cli/node_modules/package-json
2219 silly CHANGE node_modules/netlify-cli/node_modules/package-json-from-dist
2220 silly CHANGE node_modules/netlify-cli/node_modules/p-reduce
2221 silly CHANGE node_modules/netlify-cli/node_modules/p-retry
2222 silly CHANGE node_modules/netlify-cli/node_modules/p-wait-for
2223 silly CHANGE node_modules/netlify-cli/node_modules/p-wait-for/node_modules/p-timeout
2224 silly CHANGE node_modules/netlify-cli/node_modules/p-locate
2225 silly CHANGE node_modules/netlify-cli/node_modules/p-map
2226 silly CHANGE node_modules/netlify-cli/node_modules/p-filter
2227 silly CHANGE node_modules/netlify-cli/node_modules/p-event
2228 silly CHANGE node_modules/netlify-cli/node_modules/p-event/node_modules/p-timeout
2229 silly CHANGE node_modules/netlify-cli/node_modules/p-cancelable
2230 silly CHANGE node_modules/netlify-cli/node_modules/p-limit
2231 silly CHANGE node_modules/netlify-cli/node_modules/open
2232 silly CHANGE node_modules/netlify-cli/node_modules/os-name
2233 silly CHANGE node_modules/netlify-cli/node_modules/ora
2234 silly CHANGE node_modules/netlify-cli/node_modules/ora/node_modules/supports-color
2235 silly CHANGE node_modules/netlify-cli/node_modules/ora/node_modules/color-convert
2236 silly CHANGE node_modules/netlify-cli/node_modules/ora/node_modules/strip-ansi
2237 silly CHANGE node_modules/netlify-cli/node_modules/ora/node_modules/chalk
2238 silly CHANGE node_modules/netlify-cli/node_modules/ora/node_modules/is-unicode-supported
2239 silly CHANGE node_modules/netlify-cli/node_modules/ora/node_modules/ansi-styles
2240 silly CHANGE node_modules/netlify-cli/node_modules/ora/node_modules/ansi-regex
2241 silly CHANGE node_modules/netlify-cli/node_modules/one-time
2242 silly CHANGE node_modules/netlify-cli/node_modules/onetime
2243 silly CHANGE node_modules/netlify-cli/node_modules/onetime/node_modules/mimic-fn
2244 silly CHANGE node_modules/netlify-cli/node_modules/on-headers
2245 silly CHANGE node_modules/netlify-cli/node_modules/on-finished
2246 silly CHANGE node_modules/netlify-cli/node_modules/on-exit-leak-free
2247 silly CHANGE node_modules/netlify-cli/node_modules/omit.js
2248 silly CHANGE node_modules/netlify-cli/node_modules/object-inspect
2249 silly CHANGE node_modules/netlify-cli/node_modules/once
2250 silly CHANGE node_modules/netlify-cli/node_modules/nth-check
2251 silly CHANGE node_modules/netlify-cli/node_modules/ofetch
2252 silly CHANGE node_modules/netlify-cli/node_modules/npm-run-path
2253 silly CHANGE node_modules/netlify-cli/node_modules/npm-run-path/node_modules/path-key
2254 silly CHANGE node_modules/netlify-cli/node_modules/normalize-url
2255 silly CHANGE node_modules/netlify-cli/node_modules/normalize-path
2256 silly CHANGE node_modules/netlify-cli/node_modules/normalize-exception
2257 silly CHANGE node_modules/netlify-cli/node_modules/node-gyp-build
2258 silly CHANGE node_modules/netlify-cli/node_modules/normalize-package-data
2259 silly CHANGE node_modules/netlify-cli/node_modules/nopt
2260 silly CHANGE node_modules/netlify-cli/node_modules/node-source-walk
2261 silly CHANGE node_modules/netlify-cli/node_modules/node-stream-zip
2262 silly CHANGE node_modules/netlify-cli/node_modules/node-forge
2263 silly CHANGE node_modules/netlify-cli/node_modules/node-mock-http
2264 silly CHANGE node_modules/netlify-cli/node_modules/node-fetch
2265 silly CHANGE node_modules/netlify-cli/node_modules/node-fetch-native
2266 silly CHANGE node_modules/netlify-cli/node_modules/netlify-redirector
2267 silly CHANGE node_modules/netlify-cli/node_modules/node-domexception
2268 silly CHANGE node_modules/netlify-cli/node_modules/node-addon-api
2269 silly CHANGE node_modules/netlify-cli/node_modules/nanospinner
2270 silly CHANGE node_modules/netlify-cli/node_modules/negotiator
2271 silly CHANGE node_modules/netlify-cli/node_modules/multiparty
2272 silly CHANGE node_modules/netlify-cli/node_modules/multiparty/node_modules/statuses
2273 silly CHANGE node_modules/netlify-cli/node_modules/multiparty/node_modules/http-errors
2274 silly CHANGE node_modules/netlify-cli/node_modules/multiparty/node_modules/depd
2275 silly CHANGE node_modules/netlify-cli/node_modules/nanoid
2276 silly CHANGE node_modules/netlify-cli/node_modules/mute-stream
2277 silly CHANGE node_modules/netlify-cli/node_modules/move-file
2278 silly CHANGE node_modules/netlify-cli/node_modules/ms
2279 silly CHANGE node_modules/netlify-cli/node_modules/moize
2280 silly CHANGE node_modules/netlify-cli/node_modules/module-definition
2281 silly CHANGE node_modules/netlify-cli/node_modules/minipass
2282 silly CHANGE node_modules/netlify-cli/node_modules/mimic-response
2283 silly CHANGE node_modules/netlify-cli/node_modules/mlly
2284 silly CHANGE node_modules/netlify-cli/node_modules/minizlib
2285 silly CHANGE node_modules/netlify-cli/node_modules/minimist
2286 silly CHANGE node_modules/netlify-cli/node_modules/mimic-function
2287 silly CHANGE node_modules/netlify-cli/node_modules/minimatch
2288 silly CHANGE node_modules/netlify-cli/node_modules/mimic-fn
2289 silly CHANGE node_modules/netlify-cli/node_modules/mime-db
2290 silly CHANGE node_modules/netlify-cli/node_modules/micro-memoize
2291 silly CHANGE node_modules/netlify-cli/node_modules/mime-types
2292 silly CHANGE node_modules/netlify-cli/node_modules/mime-types/node_modules/mime-db
2293 silly CHANGE node_modules/netlify-cli/node_modules/micromatch
2294 silly CHANGE node_modules/netlify-cli/node_modules/micromatch/node_modules/picomatch
2295 silly CHANGE node_modules/netlify-cli/node_modules/mime
2296 silly CHANGE node_modules/netlify-cli/node_modules/merge-stream
2297 silly CHANGE node_modules/netlify-cli/node_modules/merge2
2298 silly CHANGE node_modules/netlify-cli/node_modules/merge-descriptors
2299 silly CHANGE node_modules/netlify-cli/node_modules/methods
2300 silly CHANGE node_modules/netlify-cli/node_modules/merge-options
2301 silly CHANGE node_modules/netlify-cli/node_modules/merge-options/node_modules/is-plain-obj
2302 silly CHANGE node_modules/netlify-cli/node_modules/memoize-one
2303 silly CHANGE node_modules/netlify-cli/node_modules/maxstache-stream
2304 silly CHANGE node_modules/netlify-cli/node_modules/maxstache-stream/node_modules/pump
2305 silly CHANGE node_modules/netlify-cli/node_modules/media-typer
2306 silly CHANGE node_modules/netlify-cli/node_modules/mdn-data
2307 silly CHANGE node_modules/netlify-cli/node_modules/math-intrinsics
2308 silly CHANGE node_modules/netlify-cli/node_modules/maxstache
2309 silly CHANGE node_modules/netlify-cli/node_modules/make-dir
2310 silly CHANGE node_modules/netlify-cli/node_modules/make-error
2311 silly CHANGE node_modules/netlify-cli/node_modules/luxon
2312 silly CHANGE node_modules/netlify-cli/node_modules/map-obj
2313 silly CHANGE node_modules/netlify-cli/node_modules/magic-string
2314 silly CHANGE node_modules/netlify-cli/node_modules/macos-release
2315 silly CHANGE node_modules/netlify-cli/node_modules/log-update
2316 silly CHANGE node_modules/netlify-cli/node_modules/log-update/node_modules/cli-cursor
2317 silly CHANGE node_modules/netlify-cli/node_modules/log-update/node_modules/restore-cursor
2318 silly CHANGE node_modules/netlify-cli/node_modules/log-update/node_modules/onetime
2319 silly CHANGE node_modules/netlify-cli/node_modules/log-update/node_modules/signal-exit
2320 silly CHANGE node_modules/netlify-cli/node_modules/logform
2321 silly CHANGE node_modules/netlify-cli/node_modules/lowercase-keys
2322 silly CHANGE node_modules/netlify-cli/node_modules/log-process-errors
2323 silly CHANGE node_modules/netlify-cli/node_modules/log-symbols
2324 silly CHANGE node_modules/netlify-cli/node_modules/log-symbols/node_modules/color-convert
2325 silly CHANGE node_modules/netlify-cli/node_modules/log-symbols/node_modules/supports-color
2326 silly CHANGE node_modules/netlify-cli/node_modules/log-symbols/node_modules/is-unicode-supported
2327 silly CHANGE node_modules/netlify-cli/node_modules/log-symbols/node_modules/chalk
2328 silly CHANGE node_modules/netlify-cli/node_modules/log-symbols/node_modules/ansi-styles
2329 silly CHANGE node_modules/netlify-cli/node_modules/lodash.isstring
2330 silly CHANGE node_modules/netlify-cli/node_modules/lodash.once
2331 silly CHANGE node_modules/netlify-cli/node_modules/lodash
2332 silly CHANGE node_modules/netlify-cli/node_modules/lodash.transform
2333 silly CHANGE node_modules/netlify-cli/node_modules/lodash.isplainobject
2334 silly CHANGE node_modules/netlify-cli/node_modules/lodash.isinteger
2335 silly CHANGE node_modules/netlify-cli/node_modules/lodash.isnumber
2336 silly CHANGE node_modules/netlify-cli/node_modules/lodash.isempty
2337 silly CHANGE node_modules/netlify-cli/node_modules/lodash.isboolean
2338 silly CHANGE node_modules/netlify-cli/node_modules/lodash.includes
2339 silly CHANGE node_modules/netlify-cli/node_modules/leven
2340 silly CHANGE node_modules/netlify-cli/node_modules/listhen
2341 silly CHANGE node_modules/netlify-cli/node_modules/listhen/node_modules/pathe
2342 silly CHANGE node_modules/netlify-cli/node_modules/locate-path
2343 silly CHANGE node_modules/netlify-cli/node_modules/light-my-request
2344 silly CHANGE node_modules/netlify-cli/node_modules/light-my-request/node_modules/cookie
2345 silly CHANGE node_modules/netlify-cli/node_modules/lambda-local
2346 silly CHANGE node_modules/netlify-cli/node_modules/lambda-local/node_modules/dotenv
2347 silly CHANGE node_modules/netlify-cli/node_modules/lambda-local/node_modules/commander
2348 silly CHANGE node_modules/netlify-cli/node_modules/lazystream
2349 silly CHANGE node_modules/netlify-cli/node_modules/lazystream/node_modules/string_decoder
2350 silly CHANGE node_modules/netlify-cli/node_modules/lazystream/node_modules/safe-buffer
2351 silly CHANGE node_modules/netlify-cli/node_modules/lazystream/node_modules/readable-stream
2352 silly CHANGE node_modules/netlify-cli/node_modules/kuler
2353 silly CHANGE node_modules/netlify-cli/node_modules/latest-version
2354 silly CHANGE node_modules/netlify-cli/node_modules/ky
2355 silly CHANGE node_modules/netlify-cli/node_modules/kind-of
2356 silly CHANGE node_modules/netlify-cli/node_modules/keyv
2357 silly CHANGE node_modules/netlify-cli/node_modules/jws
2358 silly CHANGE node_modules/netlify-cli/node_modules/keep-func-props
2359 silly CHANGE node_modules/netlify-cli/node_modules/jwa
2360 silly CHANGE node_modules/netlify-cli/node_modules/jwt-decode
2361 silly CHANGE node_modules/netlify-cli/node_modules/jsonpointer
2362 silly CHANGE node_modules/netlify-cli/node_modules/json-schema-traverse
2363 silly CHANGE node_modules/netlify-cli/node_modules/junk
2364 silly CHANGE node_modules/netlify-cli/node_modules/jsonwebtoken
2365 silly CHANGE node_modules/netlify-cli/node_modules/json-schema-ref-resolver
2366 silly CHANGE node_modules/netlify-cli/node_modules/js-tokens
2367 silly CHANGE node_modules/netlify-cli/node_modules/json-buffer
2368 silly CHANGE node_modules/netlify-cli/node_modules/jiti
2369 silly CHANGE node_modules/netlify-cli/node_modules/jpeg-js
2370 silly CHANGE node_modules/netlify-cli/node_modules/js-image-generator
2371 silly CHANGE node_modules/netlify-cli/node_modules/isexe
2372 silly CHANGE node_modules/netlify-cli/node_modules/isarray
2373 silly CHANGE node_modules/netlify-cli/node_modules/is-url-superb
2374 silly CHANGE node_modules/netlify-cli/node_modules/jackspeak
2375 silly CHANGE node_modules/netlify-cli/node_modules/is64bit
2376 silly CHANGE node_modules/netlify-cli/node_modules/iserror
2377 silly CHANGE node_modules/netlify-cli/node_modules/is-wsl
2378 silly CHANGE node_modules/netlify-cli/node_modules/is-unicode-supported
2379 silly CHANGE node_modules/netlify-cli/node_modules/is-url
2380 silly CHANGE node_modules/netlify-cli/node_modules/is-stream
2381 silly CHANGE node_modules/netlify-cli/node_modules/is-plain-obj
2382 silly CHANGE node_modules/netlify-cli/node_modules/is-number
2383 silly CHANGE node_modules/netlify-cli/node_modules/is-npm
2384 silly CHANGE node_modules/netlify-cli/node_modules/is-path-inside
2385 silly CHANGE node_modules/netlify-cli/node_modules/is-interactive
2386 silly CHANGE node_modules/netlify-cli/node_modules/is-network-error
2387 silly CHANGE node_modules/netlify-cli/node_modules/is-in-ci
2388 silly CHANGE node_modules/netlify-cli/node_modules/is-installed-globally
2389 silly CHANGE node_modules/netlify-cli/node_modules/is-extglob
2390 silly CHANGE node_modules/netlify-cli/node_modules/is-inside-container
2391 silly CHANGE node_modules/netlify-cli/node_modules/is-glob
2392 silly CHANGE node_modules/netlify-cli/node_modules/iron-webcrypto
2393 silly CHANGE node_modules/netlify-cli/node_modules/is-docker
2394 silly CHANGE node_modules/netlify-cli/node_modules/is-fullwidth-code-point
2395 silly CHANGE node_modules/netlify-cli/node_modules/is-error-instance
2396 silly CHANGE node_modules/netlify-cli/node_modules/is-core-module
2397 silly CHANGE node_modules/netlify-cli/node_modules/is-arrayish
2398 silly CHANGE node_modules/netlify-cli/node_modules/ipx
2399 silly CHANGE node_modules/netlify-cli/node_modules/ipx/node_modules/@fastify/accept-negotiator
2400 silly CHANGE node_modules/netlify-cli/node_modules/ipaddr.js
2401 silly CHANGE node_modules/netlify-cli/node_modules/inquirer-autocomplete-prompt
2402 silly CHANGE node_modules/netlify-cli/node_modules/inquirer-autocomplete-prompt/node_modules/rxjs
2403 silly CHANGE node_modules/netlify-cli/node_modules/inquirer-autocomplete-prompt/node_modules/type-fest
2404 silly CHANGE node_modules/netlify-cli/node_modules/inquirer-autocomplete-prompt/node_modules/tslib
2405 silly CHANGE node_modules/netlify-cli/node_modules/inquirer-autocomplete-prompt/node_modules/color-convert
2406 silly CHANGE node_modules/netlify-cli/node_modules/inquirer-autocomplete-prompt/node_modules/figures
2407 silly CHANGE node_modules/netlify-cli/node_modules/inquirer-autocomplete-prompt/node_modules/supports-color
2408 silly CHANGE node_modules/netlify-cli/node_modules/inquirer-autocomplete-prompt/node_modules/chalk
2409 silly CHANGE node_modules/netlify-cli/node_modules/inquirer-autocomplete-prompt/node_modules/ansi-styles
2410 silly CHANGE node_modules/netlify-cli/node_modules/inquirer-autocomplete-prompt/node_modules/escape-string-regexp
2411 silly CHANGE node_modules/netlify-cli/node_modules/inquirer-autocomplete-prompt/node_modules/ansi-escapes
2412 silly CHANGE node_modules/netlify-cli/node_modules/inspect-with-kind
2413 silly CHANGE node_modules/netlify-cli/node_modules/ini
2414 silly CHANGE node_modules/netlify-cli/node_modules/inquirer
2415 silly CHANGE node_modules/netlify-cli/node_modules/inquirer/node_modules/supports-color
2416 silly CHANGE node_modules/netlify-cli/node_modules/inquirer/node_modules/type-fest
2417 silly CHANGE node_modules/netlify-cli/node_modules/inquirer/node_modules/string-width
2418 silly CHANGE node_modules/netlify-cli/node_modules/inquirer/node_modules/strip-ansi
2419 silly CHANGE node_modules/netlify-cli/node_modules/inquirer/node_modules/wrap-ansi
2420 silly CHANGE node_modules/netlify-cli/node_modules/inquirer/node_modules/escape-string-regexp
2421 silly CHANGE node_modules/netlify-cli/node_modules/inquirer/node_modules/is-fullwidth-code-point
2422 silly CHANGE node_modules/netlify-cli/node_modules/inquirer/node_modules/figures
2423 silly CHANGE node_modules/netlify-cli/node_modules/inquirer/node_modules/emoji-regex
2424 silly CHANGE node_modules/netlify-cli/node_modules/inquirer/node_modules/ansi-regex
2425 silly CHANGE node_modules/netlify-cli/node_modules/inquirer/node_modules/chalk
2426 silly CHANGE node_modules/netlify-cli/node_modules/inquirer/node_modules/ansi-styles
2427 silly CHANGE node_modules/netlify-cli/node_modules/inquirer/node_modules/color-convert
2428 silly CHANGE node_modules/netlify-cli/node_modules/inquirer/node_modules/ansi-escapes
2429 silly CHANGE node_modules/netlify-cli/node_modules/index-to-position
2430 silly CHANGE node_modules/netlify-cli/node_modules/indent-string
2431 silly CHANGE node_modules/netlify-cli/node_modules/inherits
2432 silly CHANGE node_modules/netlify-cli/node_modules/image-size
2433 silly CHANGE node_modules/netlify-cli/node_modules/imurmurhash
2434 silly CHANGE node_modules/netlify-cli/node_modules/image-meta
2435 silly CHANGE node_modules/netlify-cli/node_modules/https-proxy-agent
2436 silly CHANGE node_modules/netlify-cli/node_modules/ieee754
2437 silly CHANGE node_modules/netlify-cli/node_modules/human-signals
2438 silly CHANGE node_modules/netlify-cli/node_modules/http2-wrapper
2439 silly CHANGE node_modules/netlify-cli/node_modules/http-shutdown
2440 silly CHANGE node_modules/netlify-cli/node_modules/http-proxy-middleware
2441 silly CHANGE node_modules/netlify-cli/node_modules/http-proxy-middleware/node_modules/is-plain-obj
2442 silly CHANGE node_modules/netlify-cli/node_modules/http-proxy
2443 silly CHANGE node_modules/netlify-cli/node_modules/http-errors
2444 silly CHANGE node_modules/netlify-cli/node_modules/http-cache-semantics
2445 silly CHANGE node_modules/netlify-cli/node_modules/hot-shots
2446 silly CHANGE node_modules/netlify-cli/node_modules/gopd
2447 silly CHANGE node_modules/netlify-cli/node_modules/hasown
2448 silly CHANGE node_modules/netlify-cli/node_modules/hosted-git-info
2449 silly CHANGE node_modules/netlify-cli/node_modules/hosted-git-info/node_modules/lru-cache
2450 silly CHANGE node_modules/netlify-cli/node_modules/has-symbols
2451 silly CHANGE node_modules/netlify-cli/node_modules/has-flag
2452 silly CHANGE node_modules/netlify-cli/node_modules/graceful-fs
2453 silly CHANGE node_modules/netlify-cli/node_modules/h3
2454 silly CHANGE node_modules/netlify-cli/node_modules/gonzales-pe
2455 silly CHANGE node_modules/netlify-cli/node_modules/got
2456 silly CHANGE node_modules/netlify-cli/node_modules/got/node_modules/get-stream
2457 silly CHANGE node_modules/netlify-cli/node_modules/globby
2458 silly CHANGE node_modules/netlify-cli/node_modules/globby/node_modules/ignore
2459 silly CHANGE node_modules/netlify-cli/node_modules/globby/node_modules/unicorn-magic
2460 silly CHANGE node_modules/netlify-cli/node_modules/glob
2461 silly CHANGE node_modules/netlify-cli/node_modules/global-directory
2462 silly CHANGE node_modules/netlify-cli/node_modules/global-directory/node_modules/ini
2463 silly CHANGE node_modules/netlify-cli/node_modules/gitconfiglocal
2464 silly CHANGE node_modules/netlify-cli/node_modules/gh-release-fetch
2465 silly CHANGE node_modules/netlify-cli/node_modules/git-repo-info
2466 silly CHANGE node_modules/netlify-cli/node_modules/get-stream
2467 silly CHANGE node_modules/netlify-cli/node_modules/get-port-please
2468 silly CHANGE node_modules/netlify-cli/node_modules/get-proto
2469 silly CHANGE node_modules/netlify-cli/node_modules/get-east-asian-width
2470 silly CHANGE node_modules/netlify-cli/node_modules/get-port
2471 silly CHANGE node_modules/netlify-cli/node_modules/get-intrinsic
2472 silly CHANGE node_modules/netlify-cli/node_modules/get-amd-module-type
2473 silly CHANGE node_modules/netlify-cli/node_modules/fuzzy
2474 silly CHANGE node_modules/netlify-cli/node_modules/get-caller-file
2475 silly CHANGE node_modules/netlify-cli/node_modules/function-bind
2476 silly CHANGE node_modules/netlify-cli/node_modules/from2
2477 silly CHANGE node_modules/netlify-cli/node_modules/from2/node_modules/readable-stream
2478 silly CHANGE node_modules/netlify-cli/node_modules/from2/node_modules/string_decoder
2479 silly CHANGE node_modules/netlify-cli/node_modules/from2/node_modules/safe-buffer
2480 silly CHANGE node_modules/netlify-cli/node_modules/forwarded
2481 silly CHANGE node_modules/netlify-cli/node_modules/form-data-encoder
2482 silly CHANGE node_modules/netlify-cli/node_modules/formdata-polyfill
2483 silly CHANGE node_modules/netlify-cli/node_modules/fresh
2484 silly CHANGE node_modules/netlify-cli/node_modules/foreground-child
2485 silly CHANGE node_modules/netlify-cli/node_modules/foreground-child/node_modules/signal-exit
2486 silly CHANGE node_modules/netlify-cli/node_modules/fn.name
2487 silly CHANGE node_modules/netlify-cli/node_modules/find-up
2488 silly CHANGE node_modules/netlify-cli/node_modules/find-my-way
2489 silly CHANGE node_modules/netlify-cli/node_modules/find-up-simple
2490 silly CHANGE node_modules/netlify-cli/node_modules/follow-redirects
2491 silly CHANGE node_modules/netlify-cli/node_modules/folder-walker
2492 silly CHANGE node_modules/netlify-cli/node_modules/finalhandler
2493 silly CHANGE node_modules/netlify-cli/node_modules/finalhandler/node_modules/ms
2494 silly CHANGE node_modules/netlify-cli/node_modules/finalhandler/node_modules/debug
2495 silly CHANGE node_modules/netlify-cli/node_modules/filter-obj
2496 silly CHANGE node_modules/netlify-cli/node_modules/fill-range
2497 silly CHANGE node_modules/netlify-cli/node_modules/filenamify
2498 silly CHANGE node_modules/netlify-cli/node_modules/file-uri-to-path
2499 silly CHANGE node_modules/netlify-cli/node_modules/filename-reserved-regex
2500 silly CHANGE node_modules/netlify-cli/node_modules/figures
2501 silly CHANGE node_modules/netlify-cli/node_modules/file-type
2502 silly CHANGE node_modules/netlify-cli/node_modules/fetch-blob
2503 silly CHANGE node_modules/netlify-cli/node_modules/fdir
2504 silly CHANGE node_modules/netlify-cli/node_modules/fecha
2505 silly CHANGE node_modules/netlify-cli/node_modules/fd-slicer
2506 silly CHANGE node_modules/netlify-cli/node_modules/fastify
2507 silly CHANGE node_modules/netlify-cli/node_modules/fastify/node_modules/fast-content-type-parse
2508 silly CHANGE node_modules/netlify-cli/node_modules/fastq
2509 silly CHANGE node_modules/netlify-cli/node_modules/fastest-levenshtein
2510 silly CHANGE node_modules/netlify-cli/node_modules/fastify-plugin
2511 silly CHANGE node_modules/netlify-cli/node_modules/fast-redact
2512 silly CHANGE node_modules/netlify-cli/node_modules/fast-uri
2513 silly CHANGE node_modules/netlify-cli/node_modules/fast-safe-stringify
2514 silly CHANGE node_modules/netlify-cli/node_modules/fast-querystring
2515 silly CHANGE node_modules/netlify-cli/node_modules/fast-glob
2516 silly CHANGE node_modules/netlify-cli/node_modules/fast-glob/node_modules/glob-parent
2517 silly CHANGE node_modules/netlify-cli/node_modules/fast-json-stringify
2518 silly CHANGE node_modules/netlify-cli/node_modules/fast-json-stringify/node_modules/fast-uri
2519 silly CHANGE node_modules/netlify-cli/node_modules/fast-json-stringify/node_modules/ajv-formats
2520 silly CHANGE node_modules/netlify-cli/node_modules/fast-deep-equal
2521 silly CHANGE node_modules/netlify-cli/node_modules/fast-fifo
2522 silly CHANGE node_modules/netlify-cli/node_modules/fast-equals
2523 silly CHANGE node_modules/netlify-cli/node_modules/fast-decode-uri-component
2524 silly CHANGE node_modules/netlify-cli/node_modules/express
2525 silly CHANGE node_modules/netlify-cli/node_modules/express/node_modules/cookie
2526 silly CHANGE node_modules/netlify-cli/node_modules/express/node_modules/ms
2527 silly CHANGE node_modules/netlify-cli/node_modules/express/node_modules/debug
2528 silly CHANGE node_modules/netlify-cli/node_modules/fast-content-type-parse
2529 silly CHANGE node_modules/netlify-cli/node_modules/extract-zip
2530 silly CHANGE node_modules/netlify-cli/node_modules/extract-zip/node_modules/get-stream
2531 silly CHANGE node_modules/netlify-cli/node_modules/ext-list
2532 silly CHANGE node_modules/netlify-cli/node_modules/execa
2533 silly CHANGE node_modules/netlify-cli/node_modules/execa/node_modules/is-stream
2534 silly CHANGE node_modules/netlify-cli/node_modules/execa/node_modules/get-stream
2535 silly CHANGE node_modules/netlify-cli/node_modules/express-logging
2536 silly CHANGE node_modules/netlify-cli/node_modules/ext-name
2537 silly CHANGE node_modules/netlify-cli/node_modules/events
2538 silly CHANGE node_modules/netlify-cli/node_modules/events-universal
2539 silly CHANGE node_modules/netlify-cli/node_modules/eventemitter3
2540 silly CHANGE node_modules/netlify-cli/node_modules/event-target-shim
2541 silly CHANGE node_modules/netlify-cli/node_modules/esprima
2542 silly CHANGE node_modules/netlify-cli/node_modules/estree-walker
2543 silly CHANGE node_modules/netlify-cli/node_modules/etag
2544 silly CHANGE node_modules/netlify-cli/node_modules/esutils
2545 silly CHANGE node_modules/netlify-cli/node_modules/estraverse
2546 silly CHANGE node_modules/netlify-cli/node_modules/escape-html
2547 silly CHANGE node_modules/netlify-cli/node_modules/escodegen
2548 silly CHANGE node_modules/netlify-cli/node_modules/escape-goat
2549 silly CHANGE node_modules/netlify-cli/node_modules/escalade
2550 silly CHANGE node_modules/netlify-cli/node_modules/escape-string-regexp
2551 silly CHANGE node_modules/netlify-cli/node_modules/es-module-lexer
2552 silly CHANGE node_modules/netlify-cli/node_modules/esbuild
2553 silly CHANGE node_modules/netlify-cli/node_modules/es-object-atoms
2554 silly CHANGE node_modules/netlify-cli/node_modules/error-stack-parser
2555 silly CHANGE node_modules/netlify-cli/node_modules/es-define-property
2556 silly CHANGE node_modules/netlify-cli/node_modules/envinfo
2557 silly CHANGE node_modules/netlify-cli/node_modules/es-errors
2558 silly CHANGE node_modules/netlify-cli/node_modules/env-paths
2559 silly CHANGE node_modules/netlify-cli/node_modules/enquirer
2560 silly CHANGE node_modules/netlify-cli/node_modules/enquirer/node_modules/strip-ansi
2561 silly CHANGE node_modules/netlify-cli/node_modules/enquirer/node_modules/ansi-regex
2562 silly CHANGE node_modules/netlify-cli/node_modules/environment
2563 silly CHANGE node_modules/netlify-cli/node_modules/enabled
2564 silly CHANGE node_modules/netlify-cli/node_modules/entities
2565 silly CHANGE node_modules/netlify-cli/node_modules/end-of-stream
2566 silly CHANGE node_modules/netlify-cli/node_modules/encodeurl
2567 silly CHANGE node_modules/netlify-cli/node_modules/empathic
2568 silly CHANGE node_modules/netlify-cli/node_modules/emoji-regex
2569 silly CHANGE node_modules/netlify-cli/node_modules/dunder-proto
2570 silly CHANGE node_modules/netlify-cli/node_modules/ee-first
2571 silly CHANGE node_modules/netlify-cli/node_modules/ecdsa-sig-formatter
2572 silly CHANGE node_modules/netlify-cli/node_modules/dotenv
2573 silly CHANGE node_modules/netlify-cli/node_modules/domutils
2574 silly CHANGE node_modules/netlify-cli/node_modules/eastasianwidth
2575 silly CHANGE node_modules/netlify-cli/node_modules/domelementtype
2576 silly CHANGE node_modules/netlify-cli/node_modules/dot-prop
2577 silly CHANGE node_modules/netlify-cli/node_modules/domhandler
2578 silly CHANGE node_modules/netlify-cli/node_modules/diff
2579 silly CHANGE node_modules/netlify-cli/node_modules/dom-serializer
2580 silly CHANGE node_modules/netlify-cli/node_modules/dom-serializer/node_modules/entities
2581 silly CHANGE node_modules/netlify-cli/node_modules/detective-stylus
2582 silly CHANGE node_modules/netlify-cli/node_modules/detective-vue2
2583 silly CHANGE node_modules/netlify-cli/node_modules/dettle
2584 silly CHANGE node_modules/netlify-cli/node_modules/detective-typescript
2585 silly CHANGE node_modules/netlify-cli/node_modules/detective-scss
2586 silly CHANGE node_modules/netlify-cli/node_modules/detective-sass
2587 silly CHANGE node_modules/netlify-cli/node_modules/detective-amd
2588 silly CHANGE node_modules/netlify-cli/node_modules/detective-es6
2589 silly CHANGE node_modules/netlify-cli/node_modules/detective-cjs
2590 silly CHANGE node_modules/netlify-cli/node_modules/destroy
2591 silly CHANGE node_modules/netlify-cli/node_modules/detective-postcss
2592 silly CHANGE node_modules/netlify-cli/node_modules/destr
2593 silly CHANGE node_modules/netlify-cli/node_modules/detect-libc
2594 silly CHANGE node_modules/netlify-cli/node_modules/depd
2595 silly CHANGE node_modules/netlify-cli/node_modules/define-lazy-prop
2596 silly CHANGE node_modules/netlify-cli/node_modules/defer-to-connect
2597 silly CHANGE node_modules/netlify-cli/node_modules/defu
2598 silly CHANGE node_modules/netlify-cli/node_modules/defaults
2599 silly CHANGE node_modules/netlify-cli/node_modules/default-browser-id
2600 silly CHANGE node_modules/netlify-cli/node_modules/default-browser
2601 silly CHANGE node_modules/netlify-cli/node_modules/decompress-response
2602 silly CHANGE node_modules/netlify-cli/node_modules/decompress-response/node_modules/mimic-response
2603 silly CHANGE node_modules/netlify-cli/node_modules/debug
2604 silly CHANGE node_modules/netlify-cli/node_modules/deep-extend
2605 silly CHANGE node_modules/netlify-cli/node_modules/cyclist
2606 silly CHANGE node_modules/netlify-cli/node_modules/deepmerge
2607 silly CHANGE node_modules/netlify-cli/node_modules/data-uri-to-buffer
2608 silly CHANGE node_modules/netlify-cli/node_modules/decache
2609 silly CHANGE node_modules/netlify-cli/node_modules/cssfilter
2610 silly CHANGE node_modules/netlify-cli/node_modules/csso
2611 silly CHANGE node_modules/netlify-cli/node_modules/csso/node_modules/css-tree
2612 silly CHANGE node_modules/netlify-cli/node_modules/csso/node_modules/mdn-data
2613 silly CHANGE node_modules/netlify-cli/node_modules/css-what
2614 silly CHANGE node_modules/netlify-cli/node_modules/css-tree
2615 silly CHANGE node_modules/netlify-cli/node_modules/css-select
2616 silly CHANGE node_modules/netlify-cli/node_modules/crossws
2617 silly CHANGE node_modules/netlify-cli/node_modules/cron-parser
2618 silly CHANGE node_modules/netlify-cli/node_modules/create-require
2619 silly CHANGE node_modules/netlify-cli/node_modules/cross-spawn
2620 silly CHANGE node_modules/netlify-cli/node_modules/cross-spawn/node_modules/path-key
2621 silly CHANGE node_modules/netlify-cli/node_modules/crc32-stream
2622 silly CHANGE node_modules/netlify-cli/node_modules/crc-32
2623 silly CHANGE node_modules/netlify-cli/node_modules/core-util-is
2624 silly CHANGE node_modules/netlify-cli/node_modules/cpy
2625 silly CHANGE node_modules/netlify-cli/node_modules/cookie-es
2626 silly CHANGE node_modules/netlify-cli/node_modules/cookie-signature
2627 silly CHANGE node_modules/netlify-cli/node_modules/copy-file
2628 silly CHANGE node_modules/netlify-cli/node_modules/cookie
2629 silly CHANGE node_modules/netlify-cli/node_modules/content-type
2630 silly CHANGE node_modules/netlify-cli/node_modules/config-chain
2631 silly CHANGE node_modules/netlify-cli/node_modules/configstore
2632 silly CHANGE node_modules/netlify-cli/node_modules/content-disposition
2633 silly CHANGE node_modules/netlify-cli/node_modules/consola
2634 silly CHANGE node_modules/netlify-cli/node_modules/confbox
2635 silly CHANGE node_modules/netlify-cli/node_modules/common-path-prefix
2636 silly CHANGE node_modules/netlify-cli/node_modules/compress-commons
2637 silly CHANGE node_modules/netlify-cli/node_modules/compress-commons/node_modules/is-stream
2638 silly CHANGE node_modules/netlify-cli/node_modules/commander
2639 silly CHANGE node_modules/netlify-cli/node_modules/comment-json
2640 silly CHANGE node_modules/netlify-cli/node_modules/color
2641 silly CHANGE node_modules/netlify-cli/node_modules/colors
2642 silly CHANGE node_modules/netlify-cli/node_modules/color-name
2643 silly CHANGE node_modules/netlify-cli/node_modules/colorspace
2644 silly CHANGE node_modules/netlify-cli/node_modules/color-string
2645 silly CHANGE node_modules/netlify-cli/node_modules/cliui
2646 silly CHANGE node_modules/netlify-cli/node_modules/cliui/node_modules/string-width
2647 silly CHANGE node_modules/netlify-cli/node_modules/cliui/node_modules/strip-ansi
2648 silly CHANGE node_modules/netlify-cli/node_modules/cliui/node_modules/wrap-ansi
2649 silly CHANGE node_modules/netlify-cli/node_modules/cliui/node_modules/is-fullwidth-code-point
2650 silly CHANGE node_modules/netlify-cli/node_modules/cliui/node_modules/color-convert
2651 silly CHANGE node_modules/netlify-cli/node_modules/cliui/node_modules/emoji-regex
2652 silly CHANGE node_modules/netlify-cli/node_modules/cliui/node_modules/ansi-styles
2653 silly CHANGE node_modules/netlify-cli/node_modules/cliui/node_modules/ansi-regex
2654 silly CHANGE node_modules/netlify-cli/node_modules/color-convert
2655 silly CHANGE node_modules/netlify-cli/node_modules/color-convert/node_modules/color-name
2656 silly CHANGE node_modules/netlify-cli/node_modules/cli-boxes
2657 silly CHANGE node_modules/netlify-cli/node_modules/clone
2658 silly CHANGE node_modules/netlify-cli/node_modules/clipboardy
2659 silly CHANGE node_modules/netlify-cli/node_modules/clipboardy/node_modules/signal-exit
2660 silly CHANGE node_modules/netlify-cli/node_modules/clipboardy/node_modules/npm-run-path
2661 silly CHANGE node_modules/netlify-cli/node_modules/clipboardy/node_modules/strip-final-newline
2662 silly CHANGE node_modules/netlify-cli/node_modules/clipboardy/node_modules/onetime
2663 silly CHANGE node_modules/netlify-cli/node_modules/clipboardy/node_modules/get-stream
2664 silly CHANGE node_modules/netlify-cli/node_modules/clipboardy/node_modules/execa
2665 silly CHANGE node_modules/netlify-cli/node_modules/clipboardy/node_modules/is-stream
2666 silly CHANGE node_modules/netlify-cli/node_modules/clipboardy/node_modules/human-signals
2667 silly CHANGE node_modules/netlify-cli/node_modules/cli-width
2668 silly CHANGE node_modules/netlify-cli/node_modules/cli-spinners
2669 silly CHANGE node_modules/netlify-cli/node_modules/cli-cursor
2670 silly CHANGE node_modules/netlify-cli/node_modules/clean-stack
2671 silly CHANGE node_modules/netlify-cli/node_modules/clean-deep
2672 silly CHANGE node_modules/netlify-cli/node_modules/ci-info
2673 silly CHANGE node_modules/netlify-cli/node_modules/citty
2674 silly CHANGE node_modules/netlify-cli/node_modules/chownr
2675 silly CHANGE node_modules/netlify-cli/node_modules/chardet
2676 silly CHANGE node_modules/netlify-cli/node_modules/chokidar
2677 silly CHANGE node_modules/netlify-cli/node_modules/camelcase
2678 silly CHANGE node_modules/netlify-cli/node_modules/call-bound
2679 silly CHANGE node_modules/netlify-cli/node_modules/call-bind-apply-helpers
2680 silly CHANGE node_modules/netlify-cli/node_modules/callsite
2681 silly CHANGE node_modules/netlify-cli/node_modules/array-flatten
2682 silly CHANGE node_modules/netlify-cli/node_modules/chalk
2683 silly CHANGE node_modules/netlify-cli/node_modules/bytes
2684 silly CHANGE node_modules/netlify-cli/node_modules/cacheable-request
2685 silly CHANGE node_modules/netlify-cli/node_modules/cacheable-request/node_modules/get-stream
2686 silly CHANGE node_modules/netlify-cli/node_modules/cacheable-lookup
2687 silly CHANGE node_modules/netlify-cli/node_modules/bundle-name
2688 silly CHANGE node_modules/netlify-cli/node_modules/byline
2689 silly CHANGE node_modules/netlify-cli/node_modules/buffer-from
2690 silly CHANGE node_modules/netlify-cli/node_modules/buffer-crc32
2691 silly CHANGE node_modules/netlify-cli/node_modules/buffer-equal-constant-time
2692 silly CHANGE node_modules/netlify-cli/node_modules/buffer
2693 silly CHANGE node_modules/netlify-cli/node_modules/braces
2694 silly CHANGE node_modules/netlify-cli/node_modules/bl
2695 silly CHANGE node_modules/netlify-cli/node_modules/bl/node_modules/readable-stream
2696 silly CHANGE node_modules/netlify-cli/node_modules/brace-expansion
2697 silly CHANGE node_modules/netlify-cli/node_modules/boxen
2698 silly CHANGE node_modules/netlify-cli/node_modules/body-parser
2699 silly CHANGE node_modules/netlify-cli/node_modules/body-parser/node_modules/ms
2700 silly CHANGE node_modules/netlify-cli/node_modules/body-parser/node_modules/raw-body
2701 silly CHANGE node_modules/netlify-cli/node_modules/body-parser/node_modules/debug
2702 silly CHANGE node_modules/netlify-cli/node_modules/body-parser/node_modules/iconv-lite
2703 silly CHANGE node_modules/netlify-cli/node_modules/bindings
2704 silly CHANGE node_modules/netlify-cli/node_modules/boolbase
2705 silly CHANGE node_modules/netlify-cli/node_modules/before-after-hook
2706 silly CHANGE node_modules/netlify-cli/node_modules/base64-js
2707 silly CHANGE node_modules/netlify-cli/node_modules/better-ajv-errors
2708 silly CHANGE node_modules/netlify-cli/node_modules/better-ajv-errors/node_modules/chalk
2709 silly CHANGE node_modules/netlify-cli/node_modules/better-ajv-errors/node_modules/supports-color
2710 silly CHANGE node_modules/netlify-cli/node_modules/better-ajv-errors/node_modules/color-convert
2711 silly CHANGE node_modules/netlify-cli/node_modules/better-ajv-errors/node_modules/ansi-styles
2712 silly CHANGE node_modules/netlify-cli/node_modules/bare-events
2713 silly CHANGE node_modules/netlify-cli/node_modules/backoff
2714 silly CHANGE node_modules/netlify-cli/node_modules/async
2715 silly CHANGE node_modules/netlify-cli/node_modules/balanced-match
2716 silly CHANGE node_modules/netlify-cli/node_modules/b4a
2717 silly CHANGE node_modules/netlify-cli/node_modules/avvio
2718 silly CHANGE node_modules/netlify-cli/node_modules/atomic-sleep
2719 silly CHANGE node_modules/netlify-cli/node_modules/atomically
2720 silly CHANGE node_modules/netlify-cli/node_modules/ast-module-types
2721 silly CHANGE node_modules/netlify-cli/node_modules/async-sema
2722 silly CHANGE node_modules/netlify-cli/node_modules/arg
2723 silly CHANGE node_modules/netlify-cli/node_modules/ascii-table
2724 silly CHANGE node_modules/netlify-cli/node_modules/array-timsort
2725 silly CHANGE node_modules/netlify-cli/node_modules/archiver
2726 silly CHANGE node_modules/netlify-cli/node_modules/archiver-utils
2727 silly CHANGE node_modules/netlify-cli/node_modules/archiver-utils/node_modules/is-stream
2728 silly CHANGE node_modules/netlify-cli/node_modules/ansis
2729 silly CHANGE node_modules/netlify-cli/node_modules/anymatch
2730 silly CHANGE node_modules/netlify-cli/node_modules/anymatch/node_modules/picomatch
2731 silly CHANGE node_modules/netlify-cli/node_modules/ansi-regex
2732 silly CHANGE node_modules/netlify-cli/node_modules/ansi-styles
2733 silly CHANGE node_modules/netlify-cli/node_modules/ansi-to-html
2734 silly CHANGE node_modules/netlify-cli/node_modules/ansi-colors
2735 silly CHANGE node_modules/netlify-cli/node_modules/ajv-formats
2736 silly CHANGE node_modules/netlify-cli/node_modules/ansi-escapes
2737 silly CHANGE node_modules/netlify-cli/node_modules/ansi-align
2738 silly CHANGE node_modules/netlify-cli/node_modules/ansi-align/node_modules/strip-ansi
2739 silly CHANGE node_modules/netlify-cli/node_modules/ansi-align/node_modules/is-fullwidth-code-point
2740 silly CHANGE node_modules/netlify-cli/node_modules/ansi-align/node_modules/ansi-regex
2741 silly CHANGE node_modules/netlify-cli/node_modules/ansi-align/node_modules/string-width
2742 silly CHANGE node_modules/netlify-cli/node_modules/ansi-align/node_modules/emoji-regex
2743 silly CHANGE node_modules/netlify-cli/node_modules/acorn-walk
2744 silly CHANGE node_modules/netlify-cli/node_modules/ajv
2745 silly CHANGE node_modules/netlify-cli/node_modules/agent-base
2746 silly CHANGE node_modules/netlify-cli/node_modules/acorn-import-attributes
2747 silly CHANGE node_modules/netlify-cli/node_modules/ajv-errors
2748 silly CHANGE node_modules/netlify-cli/node_modules/abort-controller
2749 silly CHANGE node_modules/netlify-cli/node_modules/acorn
2750 silly CHANGE node_modules/netlify-cli/node_modules/accepts
2751 silly CHANGE node_modules/netlify-cli/node_modules/abstract-logging
2752 silly CHANGE node_modules/netlify-cli/node_modules/abbrev
2753 verbose cwd /data/data/com.termux/files/home/technowads
2754 verbose os Linux 4.14.186-g398737f70064-dirty
2755 verbose node v24.9.0
2756 verbose npm  v11.6.0
2757 verbose exit 0
2758 info ok
